INSERT INTO Mineral (mineral_codigo, mineral_nombre, mineral_dureza, mineral_porcentaje_composicion, mineral_transparencia, mineral_rayado, mineral_exfoliacion, mineral_fractura, mineral_densidad, mineral_habito_cristalino, mineral_tipo, metalicos_brillo, metalicos_conductividad, no_metalicos_tenacidad)
VALUES 
(1, 'Cobre', 2.5, 99.9, 'Opaco', 'Rojo', 'Excelente', 'Concoidea', 8.96, 'Aislado', 'Metálico', 8, 'Alta', NULL),
(2, 'Níquel', 4, 99.9, 'Opaco', 'Blanco', 'Buena', 'Concoidea', 8.9, 'Aislado', 'Metálico', 7, 'Alta', NULL),
(3, 'Hierro', 4, 99.9, 'Opaco', 'Gris', 'Buena', 'Concoidea', 7.9, 'Aislado', 'Metálico', 6, 'Alta', NULL),
(4, 'Oro', 2.5, 99.9, 'Opaco', 'Dorado', 'Excelente', 'Dúctil', 19.3, 'Aislado', 'Metálico', 9, 'Alta', NULL),
(5, 'Plata', 2.5, 99.9, 'Opaco', 'Plateado', 'Excelente', 'Dúctil', 10.5, 'Aislado', 'Metálico', 9, 'Alta', NULL),
(6, 'Plomo', 1.5, 99.9, 'Opaco', 'Gris', 'Pobre', 'Concoidea', 11.3, 'Aislado', 'Metálico', 4, 'Baja', NULL),
(7, 'Zinc', 2, 99.9, 'Opaco', 'Blanco', 'Buena', 'Concoidea', 7.1, 'Aislado', 'Metálico', 6, 'Alta', NULL),
(8, 'Mercurio', -1, 99.9, 'Opaco', 'Plateado', 'Pobre', 'Concoidea', 13.5, 'Aislado', 'Metálico', 8, 'Alta', NULL),
(9, 'Aluminio', 2, 99.9, 'Opaco', 'Plateado', 'Buena', 'Concoidea', 2.7, 'Aislado', 'Metálico', 7, 'Alta', NULL),
(10, 'Magnesio', 2, 99.9, 'Opaco', 'Plateado', 'Buena', 'Concoidea', 1.7, 'Aislado', 'Metálico', 7, 'Alta', NULL),
(11, 'Cromo', 9, 99.9, 'Opaco', 'Plateado', 'Excelente', 'Concoidea', 7.2, 'Aislado', 'Metálico', 8, 'Alta', NULL),
(12, 'Titanio', 6, 99.9, 'Opaco', 'Plateado', 'Buena', 'Concoidea', 4.5, 'Aislado', 'Metálico', 7, 'Alta', NULL),
(13, 'Manganeso', 5, 99.9, 'Opaco', 'Plateado', 'Buena', 'Concoidea', 7.2, 'Aislado', 'Metálico', 7, 'Alta', NULL),
(14, 'Bario', 3.5, 99.9, 'Opaco', 'Blanco', 'Buena', 'Concoidea', 3.5, 'Aislado', 'No Metálico', NULL, NULL, 'Frágil'),
(15, 'Calcio', 3, 99.9, 'Opaco', 'Blanco', 'Buena', 'Concoidea', 1.5, 'Agregado', 'No Metálico', NULL, NULL, 'Frágil'),
(16, 'Caolín', 2, 99.9, 'Translúcido', 'Blanco', 'Excelente', 'Concoidea', 2.6, 'Agregado', 'No Metálico', NULL, NULL, 'Frágil'),
(17, 'Calizas', 3, 99.9, 'Translúcido', 'Blanco', 'Buena', 'Concoidea', 2.7, 'Masa', 'No Metálico', NULL, NULL, 'Frágil'),
(18, 'Pirita', 6, 99.9, 'Opaco', 'Bronce', 'Buena', 'Concoidea', 5.0, 'Aislado', 'Metálico', 7, 'Alta', NULL),
(19, 'Talco', 1, 99.9, 'Translúcido', 'Blanco', 'Excelente', 'Concoidea', 2.8, 'Agregado', 'No Metálico', NULL, NULL, 'Frágil'),
(20, 'Cianita', 5, 99.9, 'Translúcido', 'Violeta', 'Buena', 'Concoidea', 3.6, 'Agregado', 'No Metálico', NULL, NULL, 'Frágil'),
(21, 'Dolomita', 3.5, 99.9, 'Translúcido', 'Blanco', 'Buena', 'Concoidea', 2.8, 'Masa', 'No Metálico', NULL, NULL, 'Frágil'),
(22, 'Tungsteno', 8.5, 99.9, 'Opaco', 'Plateado', 'Excelente', 'Concoidea', 19.3, 'Aislado', 'Metálico', 8, 'Alta', NULL),
(23, 'Andalucita', 7, 99.9, 'Translúcido', 'Verde', 'Buena', 'Concoidea', 3.2, 'Agregado', 'No Metálico', NULL, NULL, 'Frágil'),
(24, 'Antimonio', 3, 99.9, 'Opaco', 'Plateado', 'Buena', 'Concoidea', 6.7, 'Agregado', 'Metálico', 7, 'Alta', NULL),
(25, 'Asbesto', 2, 99.9, 'Translúcido', 'Blanco', 'Excelente', 'Concoidea', 2.5, 'Agregado', 'No Metálico', NULL, NULL, 'Frágil'),
(26, 'Feldespato', 6, 99.9, 'Translúcido', 'Blanco', 'Buena', 'Concoidea', 2.6, 'Agregado', 'No Metálico', NULL, NULL, 'Frágil'),
(27, 'Arcilla', 2, 99.9, 'Translúcido', 'Blanco', 'Excelente', 'Concoidea', 2.6, 'Agregado', 'No Metálico', NULL, NULL, 'Frágil'),
(28, 'Arenas y areniscas', 6, 99.9, 'Translúcido', 'Blanco', 'Buena', 'Concoidea', 2.6, 'Agregado', 'No Metálico', NULL, NULL, 'Frágil'),
(29, 'Baritina', 3, 99.9, 'Translúcido', 'Blanco', 'Buena', 'Concoidea', 4.5, 'Masa', 'No Metálico', NULL, NULL, 'Frágil'),
(30, 'Bentonita', 1, 99.9, 'Translúcido', 'Blanco', 'Excelente', 'Concoidea', 2.8, 'Agregado', 'No Metálico', NULL, NULL, 'Frágil'),
(31, 'Cuarcitas', 7, 99.9, 'Translúcido', 'Blanco', 'Buena', 'Concoidea', 2.6, 'Masa', 'No Metálico', NULL, NULL, 'Frágil'),
(32, 'Feldespatos', 6, 99.9, 'Translúcido', 'Blanco', 'Buena', 'Concoidea', 2.6, 'Agregado', 'No Metálico', NULL, NULL, 'Frágil'),
(33, 'Granito', 6, 99.9, 'Translúcido', 'Variable', 'Buena', 'Concoidea', 2.7, 'Masa', 'No Metálico', NULL, NULL, 'Frágil'),
(34, 'Mármol', 3, 99.9, 'Translúcido', 'Blanco', 'Buena', 'Concoidea', 2.7, 'Masa', 'No Metálico', NULL, NULL, 'Frágil'),
(35, 'Gravas', 6, 99.9, 'Translúcido', 'Variable', 'Buena', 'Concoidea', 2.6, 'Masa', 'No Metálico', NULL, NULL, 'Frágil'),
(36, 'Caliza', 3, 99.9, 'Translúcido', 'Blanco', 'Buena', 'Concoidea', 2.7, 'Masa', 'No Metálico', NULL, NULL, 'Frágil'),
(37, 'Pirofilitas', 2, 99.9, 'Translúcido', 'Blanco', 'Excelente', 'Concoidea', 2.8, 'Agregado', 'No Metálico', NULL, NULL, 'Frágil'),
(38, 'Sal común', 2, 99.9, 'Translúcido', 'Blanco', 'Excelente', 'Concoidea', 2.1, 'Aislado', 'No Metálico', NULL, NULL, 'Frágil'),
(39, 'Sílice', 7, 99.9, 'Translúcido', 'Blanco', 'Buena', 'Concoidea', 2.6, 'Agregado', 'No Metálico', NULL, NULL, 'Frágil'),
(40, 'Yeso', 2, 99.9, 'Translúcido', 'Blanco', 'Excelente', 'Concoidea', 2.9, 'Agregado', 'No Metálico', NULL, NULL, 'Frágil'),
(41, 'Fosfóricas', 3, 99.9, 'Translúcido', 'Blanco', 'Buena', 'Concoidea', 3.1, 'Agregado', 'No Metálico', NULL, NULL, 'Frágil'),
(42, 'Azufre', 2, 99.9, 'Opaco', 'Amarillo', 'Pobre', 'Concoidea', 2.0, 'Aislado', 'No Metálico', NULL, NULL, 'Frágil'),
(43, 'Limolitas', 3, 99.9, 'Translúcido', 'Blanco', 'Buena', 'Concoidea', 2.7, 'Masa', 'No Metálico', NULL, NULL, 'Frágil'),
(44, 'Pizarras', 5, 99.9, 'Translúcido', 'Variable', 'Buena', 'Concoidea', 2.7, 'Masa', 'No Metálico', NULL, NULL, 'Frágil'),
(45, 'Esquistos', 5, 99.9, 'Translúcido', 'Variable', 'Buena', 'Concoidea', 2.7, 'Masa', 'No Metálico', NULL, NULL, 'Frágil'),
(46, 'Micas', 2, 99.9, 'Translúcido', 'Variable', 'Excelente', 'Concoidea', 2.8, 'Agregado', 'No Metálico', NULL, NULL, 'Frágil'),
(47, 'Carbón', 1, 99.9, 'Opaco', 'Negro', 'Pobre', 'Concoidea', 2.2, 'Agregado', 'No Metálico', NULL, NULL, 'Frágil'),
(48, 'Diamante', 10, 99.9, 'Transparente', 'Incoloro', 'Excelente', 'Concoidea', 3.5, 'Aislado', 'No Metálico', NULL, NULL, 'Dúctil'),
(49, 'Filitas', 2, 99.9, 'Translúcido', 'Blanco', 'Excelente', 'Concoidea', 2.8, 'Agregado', 'No Metálico', NULL, NULL, 'Frágil'),
(50, 'Basaltos', 6, 99.9, 'Translúcido', 'Variable', 'Buena', 'Concoidea', 2.9, 'Masa', 'No Metálico', NULL, NULL, 'Frágil'),
(51, 'Carbón antracita', 2, 99.9, 'Opaco', 'Negro', 'Pobre', 'Concoidea', 1.8, 'Agregado', 'No Metálico', NULL, NULL, 'Frágil');

INSERT INTO Lugar (lugar_codigo, lugar_nombre, lugar_tipo) VALUES 
(1, 'Distrito Capital', 'Estado'), 
(2, 'Anzoátegui', 'Estado'), 
(3, 'Apure', 'Estado'), 
(4, 'Aragua', 'Estado'), 
(5, 'Barinas', 'Estado'), 
(6, 'Bolivar', 'Estado'), 
(7, 'Carabobo', 'Estado'), 
(8, 'Cojedes', 'Estado'), 
(9, 'Falcón', 'Estado'), 
(10, 'Guárico', 'Estado'), 
(11, 'Lara', 'Estado'), 
(12, 'Mérida', 'Estado'), 
(13, 'Miranda', 'Estado'), 
(14, 'Monagas', 'Estado'), 
(15, 'Nueva Esparta', 'Estado'), 
(16, 'Portuguesa', 'Estado'), 
(17, 'Sucre', 'Estado'), 
(18, 'Táchira', 'Estado'), 
(19, 'Trujillo', 'Estado'), 
(20, 'Yaracuy', 'Estado'), 
(21, 'Zulia', 'Estado'), 
(22, 'Amazonas', 'Estado'), 
(23, 'Delta Amacuro', 'Estado'), 
(24, 'Vargas', 'Estado');
INSERT INTO Lugar (lugar_codigo, lugar_nombre, lugar_tipo, fk_lugar) VALUES 
(25,'Libertador','Municipio',1),
(26,'Anaco','Municipio',2),
(27,'Simón Bolívar','Municipio',2),
(28,'Manuel Ezequiel Bruzual','Municipio',2),
(29,'Aragua','Municipio',2),
(30,'Juan Manuel Cajigal','Municipio',2),
(31,'Pedro María Freites','Municipio',2),
(32,'Independencia','Municipio',2),
(33,'Libertad','Municipio',2),
(34,'Francisco de Miranda','Municipio',2),
(35,'José Gregorio Monagas','Municipio',2),
(36,'Fernando de Peñalver','Municipio',2),
(37,'Simón Rodríguez','Municipio',2),
(38,'Juan Antonio Sotillo','Municipio',2),
(39,'San José de Guanipa','Municipio',2),
(40,'Guanta','Municipio',2),
(41,'Píritu','Municipio',2),
(42,'Diego Bautista Urbaneja','Municipio',2),
(43,'Francisco del Carmen Carvajal','Municipio',2),
(44,'Santa Ana','Municipio',2),
(45,'San Juan de Capistrano','Municipio',2),
(46,'Sir Arthur McGregor','Municipio',2),
(47,'Achaguas','Municipio',3),
(48,'Muñoz','Municipio',3),
(49,'Páez','Municipio',3),
(50,'Pedro Camejo','Municipio',3),
(51,'Rómulo Gallegos','Municipio',3),
(52,'San Fernando','Municipio',3),
(53,'Biruaca','Municipio',3),
(54,'Girardot','Municipio',4),
(55,'Santiago Mariño','Municipio',4),
(56,'José Félix Ribas','Municipio',4),
(57,'San Casimiro','Municipio',4),
(58,'San Sebastián','Municipio',4),
(59,'Sucre','Municipio',4),
(60,'Urdaneta','Municipio',4),
(61,'Zamora','Municipio',4),
(62,'Libertador','Municipio',4),
(63,'José Angel Lamas','Municipio',4),
(64,'Bolívar','Municipio',4),
(65,'Santos Michelena','Municipio',4),
(66,'Mario Briceño Iragorry','Municipio',4),
(67,'Tovar','Municipio',4),
(68,'Camatagua','Municipio',4),
(69,'José Rafael Revenga','Municipio',4),
(70,'Francisco Linares Alcántara','Municipio',4),
(71,'Ocumare de La Costa de Oro','Municipio',4),
(72,'Arismendi','Municipio',5),
(73,'Barinas','Municipio',5),
(74,'Bolívar','Municipio',5),
(75,'Ezequiel Zamora','Municipio',5),
(76,'Obispos','Municipio',5),
(77,'Pedraza','Municipio',5),
(78,'Rojas','Municipio',5),
(79,'Sosa','Municipio',5),
(80,'Alberto Arvelo Torre alba','Municipio',5),
(81,'Antonio José de Sucre','Municipio',5),
(82,'Cruz Paredes','Municipio',5),
(83,'Andrés Eloy Blanco','Municipio',5),
(84,'Caroní','Municipio',6),
(85,'Cedeño','Municipio',6),
(86,'Heres','Municipio',6),
(87,'Piar','Municipio',6),
(88,'Roscio','Municipio',6),
(89,'Sucre','Municipio',6),
(90,'Sifontes','Municipio',6),
(91,'Raúl Leoni','Municipio',6),
(92,'Gran Sabana','Municipio',6),
(93,'El Callao','Municipio',6),
(94,'Padre Pedro Chien','Municipio',6),
(95,'Bejuma','Municipio',7),
(96,'Carlos Arvelo','Municipio',7),
(97,'Diego Ibarra','Municipio',7),
(98,'Guacara','Municipio',7),
(99,'Montalbán','Municipio',7),
(100,'Juan José Mora','Municipio',7),
(101,'Puerto Cabello','Municipio',7),
(102,'San Joaquín','Municipio',7),
(103,'Valencia','Municipio',7),
(104,'Miranda','Municipio',7),
(105,'Los Guayos','Municipio',7),
(106,'Naguanagua','Municipio',7),
(107,'San Diego','Municipio',7),
(108,'Libertador','Municipio',7),
(109,'Anzoátegui','Municipio',8),
(110,'Falcón','Municipio',8),
(111,'Girardot','Municipio',8),
(112,'Paode San Juan Bautista','Municipio',8),
(113,'Ricaurte','Municipio',8),
(114,'San Carlos','Municipio',8),
(115,'Tinaco','Municipio',8),
(116,'Lima Blanco','Municipio',8),
(117,'Rómulo Gallegos','Municipio',8),
(118,'Acosta','Municipio',9),
(119,'Bolívar','Municipio',9),
(120,'Buchivacoa','Municipio',9),
(121,'Carirubana','Municipio',9),
(122,'Colina','Municipio',9),
(123,'Democracia','Municipio',9),
(124,'Falcón','Municipio',9),
(125,'Federación','Municipio',9),
(126,'Mauroa','Municipio',9),
(127,'Miranda','Municipio',9),
(128,'Petit','Municipio',9),
(129,'Silva','Municipio',9),
(130,'Zamora','Municipio',9),
(131,'Dabajuro','Municipio',9),
(132,'Monseñor Iturriza','Municipio',9),
(133,'Los Taques','Municipio',9),
(134,'Piritu','Municipio',9),
(135,'Unión','Municipio',9),
(136,'San Francisco','Municipio',9),
(137,'Jacura','Municipio',9),
(138,'Cacique Manaure','Municipio',9),
(139,'Palmasola','Municipio',9),
(140,'Urumaco','Municipio',9),
(141,'Sucre','Municipio',9),
(142,'Tocópero','Municipio',9),
(143,'Leonardo Infante','Municipio',10),
(144,'Julián Mellado','Municipio',10),
(145,'Francisco de Miranda','Municipio',10),
(146,'Jose Tadeo Monagas','Municipio',10),
(147,'José Félix Ribas','Municipio',10),
(148,'Juan Germán Roscio','Municipio',10),
(149,'Pedro Zaraza','Municipio',10),
(150,'Camaguán','Municipio',10),
(151,'San José de Guaribe','Municipio',10),
(152,'Las Mercedes','Municipio',10),
(153,'El Socorro','Municipio',10),
(154,'Ortiz','Municipio',10),
(155,'Santa María de Ipire','Municipio',10),
(156,'Chaguaramas','Municipio',10),
(157,'San Gerónimo de Guayabal','Municipio',10),
(158,'Crespo','Municipio',11),
(159,'Iribarren','Municipio',11),
(160,'Jiménez','Municipio',11),
(161,'Morán','Municipio',11),
(162,'Palavecino','Municipio',11),
(163,'Torres','Municipio',11),
(164,'Urdaneta','Municipio',11),
(165,'Andrés Eloy Blanco','Municipio',11),
(166,'Simón Planas','Municipio',11),
(167,'Alberto Adriani','Municipio',12),
(168,'Andrés Bello','Municipio',12),
(169,'Arzobispo Chacón','Municipio',12),
(170,'Campo Elías','Municipio',12),
(171,'Guaraque','Municipio',12),
(172,'Julio César Salas','Municipio',12),
(173,'Justo Briceño','Municipio',12),
(174,'Libertador','Municipio',12),
(175,'Santos Marquina','Municipio',12),
(176,'Miranda','Municipio',12),
(177,'Antonio Pinto Salinas','Municipio',12),
(178,'Obispo Ramos de Lora','Municipio',12),
(179,'Caracciolo Parra Olmedo','Municipio',12),
(180,'Cardenal Quintero','Municipio',12),
(181,'Pueblo Llano','Municipio',12),
(182,'Rangel','Municipio',12),
(183,'Rivas Dávila','Municipio',12),
(184,'Sucre','Municipio',12),
(185,'Tovar','Municipio',12),
(186,'Tulio Febres Cordero','Municipio',12),
(187,'Padre Noguera','Municipio',12),
(188,'Aricagua','Municipio',12),
(189,'Zea','Municipio',12),
(190,'Acevedo','Municipio',13),
(191,'Guaicaipuro','Municipio',13),
(192,'Brión','Municipio',13),
(193,'Independencia','Municipio',13),
(194,'Lander','Municipio',13),
(195,'Páez','Municipio',13),
(196,'Paz Castillo','Municipio',13),
(197,'Plaza','Municipio',13),
(198,'Sucre','Municipio',13),
(199,'Urdaneta','Municipio',13),
(200,'Zamora','Municipio',13),
(201,'Cristóbal Rojas','Municipio',13),
(202,'Los Salias','Municipio',13),
(203,'Andrés Bello','Municipio',13),
(204,'Simón Bolívar','Municipio',13),
(205,'Baruta','Municipio',13),
(206,'Carrizal','Municipio',13),
(207,'Chacao','Municipio',13),
(208,'El Hatillo','Municipio',13),
(209,'Buroz','Municipio',13),
(210,'Pedro Gual','Municipio',13),
(211,'Acosta','Municipio',14),
(212,'Caripe','Municipio',14),
(213,'Bolívar','Municipio',14),
(214,'Cedeño','Municipio',14),
(215,'Ezequiel Zamora','Municipio',14),
(216,'Libertador','Municipio',14),
(217,'Maturín','Municipio',14),
(218,'Piar','Municipio',14),
(219,'Punceres','Municipio',14),
(220,'Sotillo','Municipio',14),
(221,'Aguasay','Municipio',14),
(222,'Santa Bárbara','Municipio',14),
(223,'Uracoa','Municipio',14),
(224,'Arismendi','Municipio',15),
(225,'Díaz','Municipio',15),
(226,'Gómez','Municipio',15),
(227,'Maneiro','Municipio',15),
(228,'Marcano','Municipio',15),
(229,'Mariño','Municipio',15),
(230,'Península de Macanao','Municipio',15),
(231,'Villalba','Municipio',15),
(232,'Tubores','Municipio',15),
(233,'Antolín del Campo','Municipio',15),
(234,'García','Municipio',15),
(235,'Araure','Municipio',16),
(236,'Esteller','Municipio',16),
(237,'Guanare','Municipio',16),
(238,'Guanarito','Municipio',16),
(239,'Ospino','Municipio',16),
(240,'Páez','Municipio',16),
(241,'Sucre','Municipio',16),
(242,'Turén','Municipio',16),
(243,'Monseñor José Vicentede Unda','Municipio',16),
(244,'Agua Blanca','Municipio',16),
(245,'Papelón','Municipio',16),
(246,'San Genaro de Boconoito','Municipio',16),
(247,'San Rafael de Onoto','Municipio',16),
(248,'Santa Rosalía','Municipio',16),
(249,'Arismendi','Municipio',17),
(250,'Benítez','Municipio',17),
(251,'Bermúdez','Municipio',17),
(252,'Cajigal','Municipio',17),
(253,'Mariño','Municipio',17),
(254,'Mejía','Municipio',17),
(255,'Montes','Municipio',17),
(256,'Ribero','Municipio',17),
(257,'Sucre','Municipio',17),
(258,'Valdez','Municipio',17),
(259,'Libertador','Municipio',17),
(260,'Andrés Eloy Blanco','Municipio',17),
(261,'Andrés Mata','Municipio',17),
(262,'Bolívar','Municipio',17),
(263,'Cruz Salmerón Acosta','Municipio',17),
(264,'Ayacucho','Municipio',18),
(265,'Bolívar','Municipio',18),
(266,'Independencia','Municipio',18),
(267,'Cárdenas','Municipio',18),
(268,'Jáuregui','Municipio',18),
(269,'Junín','Municipio',18),
(270,'Lobatera','Municipio',18),
(271,'San Cristóbal','Municipio',18),
(272,'Uribante','Municipio',18),
(273,'Córdoba','Municipio',18),
(274,'García de Hevia','Municipio',18),
(275,'Guásimos','Municipio',18),
(276,'Michelena','Municipio',18),
(277,'Libertador','Municipio',18),
(278,'Panamericano','Municipio',18),
(279,'Pedro María Ureña','Municipio',18),
(280,'Sucre','Municipio',18),
(281,'Andrés Bello','Municipio',18),
(282,'Fernández Feo','Municipio',18),
(283,'Libertad','Municipio',18),
(284,'Seboruco','Municipio',18),
(285,'Samuel Darío Maldonado','Municipio',18),
(286,'Antonio Rómulo Costa','Municipio',18),
(287,'Rafael Urdaneta','Municipio',18),
(288,'Torbes','Municipio',18),
(289,'Francisco de Miranda','Municipio',18),
(290,'Simón Rodríguez','Municipio',18),
(291,'José María Vargas','Municipio',18),
(292,'San Judas Tadeo','Municipio',18),
(293,'Rafael Rangel','Municipio',19),
(294,'Boconó','Municipio',19),
(295,'Carache','Municipio',19),
(296,'Escuque','Municipio',19),
(297,'Trujillo','Municipio',19),
(298,'Urdaneta','Municipio',19),
(299,'Valera','Municipio',19),
(300,'Candelaria','Municipio',19),
(301,'Miranda','Municipio',19),
(302,'MonteCarmelo','Municipio',19),
(303,'Motatán','Municipio',19),
(304,'Pampán','Municipio',19),
(305,'San Rafael de Carvajal','Municipio',19),
(306,'Sucre','Municipio',19),
(307,'Andrés Bello','Municipio',19),
(308,'Bolívar','Municipio',19),
(309,'José Felipe Márquez Cañizales','Municipio',19),
(310,'Juan Vicente Campo Elías','Municipio',19),
(311,'La Ceiba','Municipio',19),
(312,'Pampanito','Municipio',19),
(313,'Bolívar','Municipio',20),
(314,'Bruzual','Municipio',20),
(315,'Nirgua','Municipio',20),
(316,'San Felipe','Municipio',20),
(317,'Sucre','Municipio',20),
(318,'Urachiche','Municipio',20),
(319,'Peña','Municipio',20),
(320,'José Antonio Páez','Municipio',20),
(321,'La Trinidad','Municipio',20),
(322,'Cocorote','Municipio',20),
(323,'Independencia','Municipio',20),
(324,'Arístides Bastidas','Municipio',20),
(325,'Manuel Mongue','Municipio',20),
(326,'Veroes','Municipio',20),
(327,'Baralt','Municipio',21),
(328,'Santa Rita','Municipio',21),
(329,'Colón','Municipio',21),
(330,'Mara','Municipio',21),
(331,'Maracaibo','Municipio',21),
(332,'Miranda','Municipio',21),
(333,'Guajira','Municipio',21),
(334,'Machiques de Perijá','Municipio',21),
(335,'Sucre','Municipio',21),
(336,'La Cañada de Urdaneta','Municipio',21),
(337,'La gunillas','Municipio',21),
(338,'Catatumbo','Municipio',21),
(339,'Rosario de Perijá','Municipio',21),
(340,'Cabimas','Municipio',21),
(341,'Valmore Rodríguez','Municipio',21),
(342,'Jesús Enrique Lossada','Municipio',21),
(343,'Almirante Padilla','Municipio',21),
(344,'San Francisco','Municipio',21),
(345,'Jesús María Semprún','Municipio',21),
(346,'Francisco Javier Pulgar','Municipio',21),
(347,'SimónBolívar','Municipio',21),
(348,'Atures','Municipio',22),
(349,'Atabapo','Municipio',22),
(350,'Maroa','Municipio',22),
(351,'RíoNegro','Municipio',22),
(352,'Autana','Municipio',22),
(353,'Manapiare','Municipio',22),
(354,'Alto Orinoco','Municipio',22),
(355,'Tucupita','Municipio',23),
(356,'Pedernales','Municipio',23),
(357,'Antonio Díaz','Municipio',23),
(358,'Casacoima','Municipio',23),
(359,'Vargas','Municipio',24);
INSERT INTO Lugar (lugar_codigo, lugar_nombre, lugar_tipo, fk_lugar) VALUES
(360, 'Altagracia', 'Parroquia',25),
(361, 'Candelaria', 'Parroquia',25),
(362, 'Catedral', 'Parroquia',25),
(363, 'La Pastora', 'Parroquia',25),
(364, 'San Agustín', 'Parroquia',25),
(365, 'San José', 'Parroquia',25),
(366, 'San Juan', 'Parroquia',25),
(367, 'Santa Rosalía', 'Parroquia',25),
(368, 'Santa Teresa', 'Parroquia',25),
(369, 'Sucre', 'Parroquia',25),
(370, 'Antímano', 'Parroquia',25),
(371, 'El Recreo', 'Parroquia',25),
(372, '23 de Enero', 'Parroquia',25),
(373, 'El Valle', 'Parroquia',25),
(374, 'La Vega', 'Parroquia',25),
(375, 'Macarao', 'Parroquia',25),
(376, 'Caricuao', 'Parroquia',25),
(377, 'El Junquito', 'Parroquia',25),
(378, 'Coche', 'Parroquia',25),
(379, 'San Bernardino', 'Parroquia',25),
(380, 'San Pedro', 'Parroquia',25),
(381, 'El Paraíso', 'Parroquia',25),
(382, 'Anaco', 'Parroquia',26),
(383, 'San Joaquín', 'Parroquia',26),
(384, 'El Carmen', 'Parroquia',27),
(385, 'San Cristóbal', 'Parroquia',27),
(386, 'Bergantín', 'Parroquia',27),
(387, 'Caigua', 'Parroquia',27),
(388, 'El Pilar', 'Parroquia',27),
(389, 'Naricual', 'Parroquia',27),
(390, 'Clarines', 'Parroquia',28),
(391, 'Guanape', 'Parroquia',28),
(392, 'Sabana de Uchire', 'Parroquia',28),
(393, 'Aragua de Barcelona', 'Parroquia',29),
(394, 'Cachipo', 'Parroquia',29),
(395, 'Onoto', 'Parroquia',30),
(396, 'San Pablo', 'Parroquia',30),
(397, 'Cantaura', 'Parroquia',31),
(398, 'Libertador', 'Parroquia',31),
(399, 'Santa Rosa', 'Parroquia',31),
(400, 'Urica', 'Parroquia',31),
(401, 'Soledad', 'Parroquia',32),
(402, 'Mamo', 'Parroquia',32),
(403, 'San Mateo', 'Parroquia',33),
(404, 'El Carito', 'Parroquia',33),
(405, 'Santa Inés', 'Parroquia',33),
(406, 'Pariaguán', 'Parroquia',34),
(407, 'Atapirire', 'Parroquia',34),
(408, 'Boca del Pao', 'Parroquia',34),
(409, 'El Pao', 'Parroquia',34),
(410, 'Mapire', 'Parroquia',35),
(411, 'Piar', 'Parroquia',35),
(412, 'San Diego de Cabrutica', 'Parroquia',35),
(413, 'Santa Clara', 'Parroquia',35),
(414, 'Uverito', 'Parroquia',35),
(415, 'Zuata', 'Parroquia',35),
(416, 'Puerto Píritu', 'Parroquia',36),
(417, 'San Miguel', 'Parroquia',36),
(418, 'Sucre', 'Parroquia',36),
(419, 'Edmundo Barrios', 'Parroquia',37),
(420, 'Pozuelos', 'Parroquia',38),
(421, 'Puerto la Cruz', 'Parroquia',38),
(422, 'San José de Guanipa', 'Parroquia',39),
(423, 'Guanta', 'Parroquia',40),
(424, 'Chorrerón', 'Parroquia',40),
(425, 'Píritu', 'Parroquia',41),
(426, 'San Francisco', 'Parroquia',41),
(427, 'Lecherías', 'Parroquia',42),
(428, 'El Morro', 'Parroquia',42),
(429, 'Valle de Guanape', 'Parroquia',43),
(430, 'Santa Bárbara', 'Parroquia',43),
(431, 'Santa Ana', 'Parroquia',44),
(432, 'Pueblo Nuevo', 'Parroquia',44),
(433, 'Boca de Uchire', 'Parroquia',45),
(434, 'Boca de Chávez', 'Parroquia',45),
(435, 'El Chaparro', 'Parroquia',46),
(436, 'Tomás Alfaro Calatrava', 'Parroquia',46),
(437, 'Achaguas', 'Parroquia',47),
(438, 'Apurito', 'Parroquia',47),
(439, 'El Yagual', 'Parroquia',47),
(440, 'Guachara', 'Parroquia',47),
(441, 'Mucuritas', 'Parroquia',47),
(442, 'Queseras del Medio', 'Parroquia',47),
(443, 'Bruzual', 'Parroquia',48),
(444, 'Mantecal', 'Parroquia',48),
(445, 'Quintero', 'Parroquia',48),
(446, 'San Vicente', 'Parroquia',48),
(447, 'Rincón Hondo', 'Parroquia',48),
(448, 'Guasdualito', 'Parroquia',49),
(449, 'Aramendi', 'Parroquia',49),
(450, 'El Amparo', 'Parroquia',49),
(451, 'San Camilo', 'Parroquia',49),
(452, 'Urdaneta', 'Parroquia',49),
(453, 'San Juan de Payara', 'Parroquia',50),
(454, 'Codazzi', 'Parroquia',50),
(455, 'Cunaviche', 'Parroquia',50),
(456, 'Elorza', 'Parroquia',51),
(457, 'La Trinidad', 'Parroquia',51),
(458, 'San Fernando', 'Parroquia',52),
(459, 'Peñalver', 'Parroquia',52),
(460, 'El Recreo', 'Parroquia',52),
(461, 'San Rafael de Atamaica', 'Parroquia',52),
(462, 'Biruaca', 'Parroquia',53),
(463, 'Las Delicias', 'Parroquia',54),
(464, 'Choroní', 'Parroquia',54),
(465, 'Madre María de San José', 'Parroquia',54),
(466, 'Joaquín Crespo', 'Parroquia',54),
(467, 'Pedro José Ovalles', 'Parroquia',54),
(468, 'José Casanova Godoy', 'Parroquia',54),
(469, 'Andrés Eloy Blanco', 'Parroquia',54),
(470, 'Los Tacariguas', 'Parroquia',54),
(471, 'Turmero', 'Parroquia',55),
(472, 'Samán de Güere', 'Parroquia',55),
(473, 'Alfredo Pacheco Miranda', 'Parroquia',55),
(474, 'Chuao', 'Parroquia',55),
(475, 'Arévalo Aponte', 'Parroquia',55),
(476, 'La Victoria', 'Parroquia',56),
(477, 'Zuata', 'Parroquia',56),
(478, 'Pao de Zárate', 'Parroquia',56),
(479, 'Castor Nieves Ríos', 'Parroquia',56),
(480, 'Las Guacamayas', 'Parroquia',56),
(481, 'San Casimiro', 'Parroquia',57),
(482, 'Valle Morín', 'Parroquia',57),
(483, 'Güiripa', 'Parroquia',57),
(484, 'Ollas de Caramacate', 'Parroquia',57),
(485, 'San Sebastián', 'Parroquia',58),
(486, 'Cagua', 'Parroquia',59),
(487, 'Bella Vista', 'Parroquia',59),
(488, 'Barbacoas', 'Parroquia',60),
(489, 'San Francisco de Cara', 'Parroquia',60),
(490, 'Taguay', 'Parroquia',60),
(491, 'Las Peñitas', 'Parroquia',60),
(492, 'Villa de Cura', 'Parroquia',61),
(493, 'Magdaleno', 'Parroquia',61),
(494, 'San Francisco de Asís', 'Parroquia',61),
(495, 'Valles de Tucutunemo', 'Parroquia',61),
(496, 'Augusto Mijares', 'Parroquia',61),
(497, 'Palo Negro', 'Parroquia',62),
(498, 'San Martín de Porres', 'Parroquia',62),
(499, 'Santa Cruz', 'Parroquia',63),
(500, 'San Mateo', 'Parroquia',64),
(501, 'Las Tejerías', 'Parroquia',65),
(502, 'Tiara', 'Parroquia',65),
(503, 'El Limón', 'Parroquia',66),
(504, 'Caña de Azúcar', 'Parroquia',66),
(505, 'Colonia Tovar', 'Parroquia',67),
(506, 'Camatagua', 'Parroquia',68),
(507, 'Carmen de Cura', 'Parroquia',68),
(508, 'El Consejo', 'Parroquia',69),
(509, 'Santa Rita', 'Parroquia',70),
(510, 'Francisco de Miranda', 'Parroquia',70),
(511, 'Monseñor Feliciano González', 'Parroquia',70),
(512, 'Ocumare de la Costa', 'Parroquia',71),
(513, 'Arismendi', 'Parroquia',72),
(514, 'Guadarrama', 'Parroquia',72),
(515, 'La Unión', 'Parroquia',72),
(516, 'San Antonio', 'Parroquia',72),
(517, 'Alfredo Arvelo Larriva', 'Parroquia',73),
(518, 'Barinas', 'Parroquia',73),
(519, 'San Silvestre', 'Parroquia',73),
(520, 'Santa Inés', 'Parroquia',73),
(521, 'Santa Lucía', 'Parroquia',73),
(522, 'Torunos', 'Parroquia',73),
(523, 'El Carmen', 'Parroquia',73),
(524, 'Rómulo Betancourt', 'Parroquia',73),
(525, 'Corazón de Jesús', 'Parroquia',73),
(526, 'Ramón Ignacio Méndez', 'Parroquia',73),
(527, 'Alto Barinas', 'Parroquia',73),
(528, 'Manuel Palacio Fajardo', 'Parroquia',73),
(529, 'Dominga Ortiz de Páez', 'Parroquia',73),
(530, 'Juan Antonio Rodríguez Domínguez', 'Parroquia',73),
(531, 'Altamira', 'Parroquia',74),
(532, 'Barinitas', 'Parroquia',74),
(533, 'Calderas', 'Parroquia',74),
(534, 'Santa Bárbara', 'Parroquia',75),
(535, 'José Ignacio del Pumar', 'Parroquia',75),
(536, 'Ramón Ignacio Méndez', 'Parroquia',75),
(537, 'Pedro Briceño Méndez', 'Parroquia',75),
(538, 'El Real', 'Parroquia',76),
(539, 'La Luz', 'Parroquia',76),
(540, 'Obispos', 'Parroquia',76),
(541, 'Los Guasimitos', 'Parroquia',76),
(542, 'Ciudad Bolivia', 'Parroquia',77),
(543, 'Ignacio Briceño', 'Parroquia',77),
(544, 'Páez', 'Parroquia',77),
(545, 'José Félix Ribas', 'Parroquia',77),
(546, 'Dolores', 'Parroquia',78),
(547, 'Libertad', 'Parroquia',78),
(548, 'Palacios Fajardo', 'Parroquia',78),
(549, 'Santa Rosa', 'Parroquia',78),
(550, 'Ciudad de Nutrias', 'Parroquia',79),
(551, 'El Regalo', 'Parroquia',79),
(552, 'Puerto de Nutrias', 'Parroquia',79),
(553, 'Santa Catalina', 'Parroquia',79),
(554, 'Rodríguez Domínguez', 'Parroquia',80),
(555, 'Sabaneta', 'Parroquia',80),
(556, 'Ticoporo', 'Parroquia',81),
(557, 'Nicolás Pulido', 'Parroquia',81),
(558, 'Andrés Bello', 'Parroquia',81),
(559, 'Barrancas', 'Parroquia',82),
(560, 'El Socorro', 'Parroquia',82),
(561, 'Masparrito', 'Parroquia',82),
(562, 'El Cantón', 'Parroquia',83),
(563, 'Santa Cruz de Guacas', 'Parroquia',83),
(564, 'Puerto Vivas', 'Parroquia',83),
(565, 'Simón Bolívar', 'Parroquia',84),
(566, 'Once de Abril', 'Parroquia',84),
(567, 'Vista al Sol', 'Parroquia',84),
(568, 'Chirica', 'Parroquia',84),
(569, 'Dalla Costa', 'Parroquia',84),
(570, 'Cinco de Julio', 'Parroquia',84),
(571, 'Cachamay', 'Parroquia',84),
(572, 'Universidad', 'Parroquia',84),
(573, 'Unare', 'Parroquia',84),
(574, 'Yocoima', 'Parroquia',84),
(575, 'Pozo Verde', 'Parroquia',84),
(576, 'Caicara del Orinoco', 'Parroquia',85),
(577, 'Ascensión Farreras', 'Parroquia',85),
(578, 'Altagracia', 'Parroquia',85),
(579, 'La Urbana', 'Parroquia',85),
(580, 'Guaniamo', 'Parroquia',85),
(581, 'Pijiguaos', 'Parroquia',85),
(582, 'Catedral', 'Parroquia',86),
(583, 'Agua Salada', 'Parroquia',86),
(584, 'La Sabanita', 'Parroquia',86),
(585, 'Vista Hermosa', 'Parroquia',86),
(586, 'Marhuanta', 'Parroquia',86),
(587, 'José Antonio Páez', 'Parroquia',86),
(588, 'Orinoco', 'Parroquia',86),
(589, 'Panapana', 'Parroquia',86),
(590, 'Zea', 'Parroquia',86),
(591, 'Upata', 'Parroquia',87),
(592, 'Andrés Eloy Blanco', 'Parroquia',87),
(593, 'Pedro Cova', 'Parroquia',87),
(594, 'Guasipati', 'Parroquia',88),
(595, 'Salom', 'Parroquia',88),
(596, 'Maripa', 'Parroquia',89),
(597, 'Aripao', 'Parroquia',89),
(598, 'Las Majadas', 'Parroquia',89),
(599, 'Moitaco', 'Parroquia',89),
(600, 'Guarataro', 'Parroquia',89),
(601, 'Tumeremo', 'Parroquia',90),
(602, 'Dalla Costa', 'Parroquia',90),
(603, 'San Isidro', 'Parroquia',90),
(604, 'Ciudad Piar', 'Parroquia',91),
(605, 'San Francisco', 'Parroquia',91),
(606, 'Barceloneta', 'Parroquia',91),
(607, 'Santa Bárbara', 'Parroquia',91),
(608, 'Santa Elena de Uairen', 'Parroquia',92),
(609, 'Ikabarú', 'Parroquia',92),
(610, 'El Callao', 'Parroquia',93),
(611, 'El Palmar', 'Parroquia',94),
(612, 'Bejuma', 'Parroquia',95),
(613, 'Canoabo', 'Parroquia',95),
(614, 'Simón Bolívar', 'Parroquia',95),
(615, 'Güigüe', 'Parroquia',96),
(616, 'Belén', 'Parroquia',96),
(617, 'Tacarigua', 'Parroquia',96),
(618, 'Mariara', 'Parroquia',97),
(619, 'Aguas Calientes', 'Parroquia',97),
(620, 'Guacara', 'Parroquia',98),
(621, 'Ciudad Alianza', 'Parroquia',98),
(622, 'Yagua', 'Parroquia',98),
(623, 'Montalbán', 'Parroquia',99),
(624, 'Morón', 'Parroquia',100),
(625, 'Urama', 'Parroquia',100),
(626, 'Democracia', 'Parroquia',101),
(627, 'Fraternidad', 'Parroquia',101),
(628, 'Goaigoaza', 'Parroquia',101),
(629, 'Juan José Flores', 'Parroquia',101),
(630, 'Bartolomé Salom', 'Parroquia',101),
(631, 'Unión', 'Parroquia',101),
(632, 'Borburata', 'Parroquia',101),
(633, 'Patanemo', 'Parroquia',101),
(634, 'San Joaquín', 'Parroquia',102),
(635, 'Candelaria', 'Parroquia',103),
(636, 'Catedral', 'Parroquia',103),
(637, 'El Socorro', 'Parroquia',103),
(638, 'Miguel Peña', 'Parroquia',103),
(639, 'San Blas', 'Parroquia',103),
(640, 'San José', 'Parroquia',103),
(641, 'Santa Rosa', 'Parroquia',103),
(642, 'Rafael Urdaneta', 'Parroquia',103),
(643, 'Negro Primero', 'Parroquia',103),
(644, 'Miranda', 'Parroquia',104),
(645, 'Los Guayos', 'Parroquia',105),
(646, 'Naguanagua', 'Parroquia',106),
(647, 'San Diego', 'Parroquia',107),
(648, 'Tocuyito', 'Parroquia',108),
(649, 'Independencia', 'Parroquia',108),
(650, 'Cojedes', 'Parroquia',109),
(651, 'Juan de Mata Suárez', 'Parroquia',109),
(652, 'Tinaquillo', 'Parroquia',110),
(653, 'El Baúl', 'Parroquia',111),
(654, 'Sucre', 'Parroquia',111),
(655, 'El Pao', 'Parroquia',112),
(656, 'Libertad de Cojedes', 'Parroquia',113),
(657, 'El Amparo', 'Parroquia',113),
(658, 'San Carlos de Austria', 'Parroquia',114),
(659, 'Juan Angel Bravo', 'Parroquia',114),
(660, 'Manuel Manrique', 'Parroquia',114),
(661, 'General en Jefe José Laurencio Silva', 'Parroquia',115),
(662, 'Macapo', 'Parroquia',116),
(663, 'La Aguadita', 'Parroquia',116),
(664, 'Rómulo Gallegos', 'Parroquia',117),
(665, 'San Juan de los Cayos', 'Parroquia',118),
(666, 'Capadare', 'Parroquia',118),
(667, 'La Pastora', 'Parroquia',118),
(668, 'Libertador', 'Parroquia',118),
(669, 'San Luis', 'Parroquia',119),
(670, 'Aracua', 'Parroquia',119),
(671, 'La Peña', 'Parroquia',119),
(672, 'Capatárida', 'Parroquia',120),
(673, 'Borojó', 'Parroquia',120),
(674, 'Seque', 'Parroquia',120),
(675, 'Zazárida', 'Parroquia',120),
(676, 'Bariro', 'Parroquia',120),
(677, 'Guajiro', 'Parroquia',120),
(678, 'Norte', 'Parroquia',121),
(679, 'Carirubana', 'Parroquia',121),
(680, 'Punta Cardón', 'Parroquia',121),
(681, 'Santa Ana', 'Parroquia',121),
(682, 'La Vela de Coro', 'Parroquia',122),
(683, 'Acurigua', 'Parroquia',122),
(684, 'Guaibacoa', 'Parroquia',122),
(685, 'Macoruca', 'Parroquia',122),
(686, 'Las Calderas', 'Parroquia',122),
(687, 'Pedregal', 'Parroquia',123),
(688, 'Agua Clara', 'Parroquia',123),
(689, 'Avaria', 'Parroquia',123),
(690, 'Piedra Grande', 'Parroquia',123),
(691, 'Purureche', 'Parroquia',123),
(692, 'Pueblo Nuevo', 'Parroquia',124),
(693, 'Adícora', 'Parroquia',124),
(694, 'Baraived', 'Parroquia',124),
(695, 'Buena Vista', 'Parroquia',124),
(696, 'Jadacaquiva', 'Parroquia',124),
(697, 'Moruy', 'Parroquia',124),
(698, 'El Vínculo', 'Parroquia',124),
(699, 'El Hato', 'Parroquia',124),
(700, 'Adaure', 'Parroquia',124),
(701, 'Churuguara', 'Parroquia',125),
(702, 'Agua Larga', 'Parroquia',125),
(703, 'Independencia', 'Parroquia',125),
(704, 'Mapararí', 'Parroquia',125),
(705, 'El Paují', 'Parroquia',125),
(706, 'Mene de Mauroa', 'Parroquia',126),
(707, 'Casigua', 'Parroquia',126),
(708, 'San Félix', 'Parroquia',126),
(709, 'San Antonio', 'Parroquia',127),
(710, 'San Gabriel', 'Parroquia',127),
(711, 'Santa Ana', 'Parroquia',127),
(712, 'Guzmán Guillermo', 'Parroquia',127),
(713, 'Mitare', 'Parroquia',127),
(714, 'Sabaneta', 'Parroquia',127),
(715, 'Río Seco', 'Parroquia',127),
(716, 'Cabure', 'Parroquia',128),
(717, 'Curimagua', 'Parroquia',128),
(718, 'Colina', 'Parroquia',128),
(719, 'Tucacas', 'Parroquia',129),
(720, 'Boca de Aroa', 'Parroquia',129),
(721, 'Puerto Cumarebo', 'Parroquia',130),
(722, 'La Ciénaga', 'Parroquia',130),
(723, 'La Soledad', 'Parroquia',130),
(724, 'Pueblo Cumarebo', 'Parroquia',130),
(725, 'Zazárida', 'Parroquia',130),
(726, 'Dabajuro', 'Parroquia',131),
(727, 'Chichiriviche', 'Parroquia',132),
(728, 'Boca de Tocuyo', 'Parroquia',132),
(729, 'Tocuyo de la Costa', 'Parroquia',132),
(730, 'Los Taques', 'Parroquia',133),
(731, 'Judibana', 'Parroquia',133),
(732, 'Píritu', 'Parroquia',134),
(733, 'San José de la Costa', 'Parroquia',134),
(734, 'Santa Cruz de Bucaral', 'Parroquia',135),
(735, 'El Charal', 'Parroquia',135),
(736, 'Las Vegas del Tuy', 'Parroquia',135),
(737, 'Mirimire', 'Parroquia',136),
(738, 'Jacura', 'Parroquia',137),
(739, 'Agua Linda', 'Parroquia',137),
(740, 'Araurima', 'Parroquia',137),
(741, 'Yaracal', 'Parroquia',138),
(742, 'Palmasola', 'Parroquia',139),
(743, 'Urumaco', 'Parroquia',140),
(744, 'Bruzual', 'Parroquia',140),
(745, 'Sucre', 'Parroquia',141),
(746, 'Pecaya', 'Parroquia',141),
(747, 'Tocópero', 'Parroquia',142),
(748, 'Valle de La Pascua', 'Parroquia',143),
(749, 'Espino', 'Parroquia',143),
(750, 'El Sombrero', 'Parroquia',144),
(751, 'Sosa', 'Parroquia',144),
(752, 'Calabozo', 'Parroquia',145),
(753, 'El Calvario', 'Parroquia',145),
(754, 'El Rastro', 'Parroquia',145),
(755, 'Guardatinajas', 'Parroquia',145),
(756, 'Altagracia de Orituco', 'Parroquia',146),
(757, 'Lezama', 'Parroquia',146),
(758, 'Libertad de Orituco', 'Parroquia',146),
(759, 'San Francisco de Macaira', 'Parroquia',146),
(760, 'San Rafael de Orituco', 'Parroquia',146),
(761, 'Soublette', 'Parroquia',146),
(762, 'Paso Real de Macaira', 'Parroquia',146),
(763, 'Tucupido', 'Parroquia',147),
(764, 'San Rafael de Laya', 'Parroquia',147),
(765, 'San Juan de Los Morros', 'Parroquia',148),
(766, 'Parapara', 'Parroquia',148),
(767, 'Cantagallo', 'Parroquia',148),
(768, 'Zaraza', 'Parroquia',149),
(769, 'San José de Unare', 'Parroquia',149),
(770, 'Camaguán', 'Parroquia',150),
(771, 'Puerto Miranda', 'Parroquia',150),
(772, 'Uverito', 'Parroquia',150),
(773, 'San José de Guaribe', 'Parroquia',151),
(774, 'Las Mercedes', 'Parroquia',152),
(775, 'Santa Rita de Manapire', 'Parroquia',152),
(776, 'Cabruta', 'Parroquia',152),
(777, 'El Socorro', 'Parroquia',153),
(778, 'Ortiz', 'Parroquia',154),
(779, 'San Francisco de Tiznados', 'Parroquia',154),
(780, 'San José de Tiznados', 'Parroquia',154),
(781, 'San Lorenzo de Tiznados', 'Parroquia',154),
(782, 'Santa María de Ipire', 'Parroquia',155),
(783, 'Altamira', 'Parroquia',155),
(784, 'Chaguaramas', 'Parroquia',156),
(785, 'Guayabal', 'Parroquia',157),
(786, 'Cazorla', 'Parroquia',157),
(787, 'Fréitez', 'Parroquia',158),
(788, 'José María Blanco', 'Parroquia',158),
(789, 'Catedral', 'Parroquia',159),
(790, 'Concepción', 'Parroquia',159),
(791, 'Santa Rosa', 'Parroquia',159),
(792, 'Unión', 'Parroquia',159),
(793, 'El Cují', 'Parroquia',159),
(794, 'Tamaca', 'Parroquia',159),
(795, 'Juan de Villegas', 'Parroquia',159),
(796, 'Aguedo Felipe Alvarado', 'Parroquia',159),
(797, 'Buena Vista', 'Parroquia',159),
(798, 'Juárez', 'Parroquia',159),
(799, 'Juan Bautista Rodríguez', 'Parroquia',160),
(800, 'Diego de Lozada', 'Parroquia',160),
(801, 'San Miguel', 'Parroquia',160),
(802, 'Cuara', 'Parroquia',160),
(803, 'Paraíso de San José', 'Parroquia',160),
(804, 'Tintorero', 'Parroquia',160),
(805, 'José Bernardo Dorante', 'Parroquia',160),
(806, 'Coronel Mariano Peraza', 'Parroquia',160),
(807, 'Bolívar', 'Parroquia',161),
(808, 'Anzoátegui', 'Parroquia',161),
(809, 'Guarico', 'Parroquia',161),
(810, 'Humocaro Alto', 'Parroquia',161),
(811, 'Humocaro Bajo', 'Parroquia',161),
(812, 'Morán', 'Parroquia',161),
(813, 'Hilario Luna y Luna', 'Parroquia',161),
(814, 'La Candelaria', 'Parroquia',161),
(815, 'Cabudare', 'Parroquia',162),
(816, 'José Gregorio Bastidas', 'Parroquia',162),
(817, 'Agua Viva', 'Parroquia',162),
(818, 'Trinidad Samuel', 'Parroquia',163),
(819, 'Antonio Díaz', 'Parroquia',163),
(820, 'Camacaro', 'Parroquia',163),
(821, 'Castañeda', 'Parroquia',163),
(822, 'Chiquinquirá', 'Parroquia',163),
(823, 'Espinoza de los Monteros', 'Parroquia',163),
(824, 'Lara', 'Parroquia',163),
(825, 'Manuel Morillo', 'Parroquia',163),
(826, 'Montes de Oca', 'Parroquia',163),
(827, 'Torres', 'Parroquia',163),
(828, 'El Blanco', 'Parroquia',163),
(829, 'Montaña Verde', 'Parroquia',163),
(830, 'Las Mercedes', 'Parroquia',163),
(831, 'HeribertoArroyo', 'Parroquia',163),
(832, 'Reyes Vargas', 'Parroquia',163),
(833, 'Altagracia', 'Parroquia',163),
(834, 'Cecilio Zubillaga', 'Parroquia',163),
(835, 'Siquisique', 'Parroquia',164),
(836, 'San Miguel', 'Parroquia',164),
(837, 'Xaguas', 'Parroquia',164),
(838, 'Moroturo', 'Parroquia',164),
(839, 'Pío Tamayo', 'Parroquia',165),
(840, 'Yacambú', 'Parroquia',165),
(841, 'Quebrada Honda de Guache', 'Parroquia',165),
(842, 'Sarare', 'Parroquia',166),
(843, 'Gustavo Vegas León', 'Parroquia',166),
(844, 'Buría', 'Parroquia',166),
(845, 'Gabriel Picón González', 'Parroquia',167),
(846, 'Héctor Amable Mora', 'Parroquia',167),
(847, 'José Nucete Sardi', 'Parroquia',167),
(848, 'Pulido Méndez', 'Parroquia',167),
(849, 'Presidente Rómulo Gallegos', 'Parroquia',167),
(850, 'Presidente Betancourt', 'Parroquia',167),
(851, 'Presidente Páez', 'Parroquia',167),
(852, 'La Azulita ', 'Parroquia',168),
(853, 'Canaguá', 'Parroquia',169),
(854, 'Capurí', 'Parroquia',169),
(855, 'Chacantá', 'Parroquia',169),
(856, 'El Molino', 'Parroquia',169),
(857, 'Guaimaral', 'Parroquia',169),
(858, 'Mucutuy', 'Parroquia',169),
(859, 'Mucuchachí', 'Parroquia',169),
(860, 'Acequias', 'Parroquia',170),
(861, 'Jají', 'Parroquia',170),
(862, 'La Mesa', 'Parroquia',170),
(863, 'San José del Sur', 'Parroquia',170),
(864, 'Montalbán', 'Parroquia',170),
(865, 'Matriz', 'Parroquia',170),
(866, 'Fernández Peña', 'Parroquia',170),
(867, 'Guaraque', 'Parroquia',171),
(868, 'Mesa de Quintero', 'Parroquia',171),
(869, 'Río Negro', 'Parroquia',171),
(870, 'Arapuey', 'Parroquia',172),
(871, 'Palmira', 'Parroquia',172),
(872, 'Torondoy ', 'Parroquia',173),
(873, 'San Cristóbal de Torondoy', 'Parroquia',173),
(874, 'Arias', 'Parroquia',174),
(875, 'Sagrario', 'Parroquia',174),
(876, 'Milla', 'Parroquia',174),
(877, 'El Llano', 'Parroquia',174),
(878, 'Juan Rodríguez Suárez', 'Parroquia',174),
(879, 'Jacinto Plaza', 'Parroquia',174),
(880, 'Domingo Peña', 'Parroquia',174),
(881, 'Osuna Rodríguez', 'Parroquia',174),
(882, 'Gonzalo Picón Febres', 'Parroquia',174),
(883, 'Lasso de la Vega', 'Parroquia',174),
(884, 'Caracciolo Parra Pérez', 'Parroquia',174),
(885, 'Antonio Spinetti Dini', 'Parroquia',174),
(886, 'Mariano Picón Salas', 'Parroquia',174),
(887, 'El Morro', 'Parroquia',174),
(888, 'Los Nevados', 'Parroquia',174),
(889, 'Tabay', 'Parroquia',175),
(890, 'Timotes', 'Parroquia',176),
(891, 'Andrés Eloy Blanco', 'Parroquia',176),
(892, 'Piñango', 'Parroquia',176),
(893, 'La Venta', 'Parroquia',176),
(894, 'Santa Cruz de Mora', 'Parroquia',177),
(895, 'Mesa Bolívar', 'Parroquia',177),
(896, 'Mesa de Las Palmas', 'Parroquia',177),
(897, 'Santa Elena de Arenales', 'Parroquia',178),
(898, 'Eloy Paredes', 'Parroquia',178),
(899, 'San Rafael de Alcázar', 'Parroquia',178),
(900, 'Tucaní ', 'Parroquia',179),
(901, 'Florencio Ramírez', 'Parroquia',179),
(902, 'Santo Domingo', 'Parroquia',180),
(903, 'Las Piedras', 'Parroquia',180),
(904, 'Pueblo Llano', 'Parroquia',181),
(905, 'Mucuchíes', 'Parroquia',182),
(906, 'Mucurubá', 'Parroquia',182),
(907, 'San Rafael', 'Parroquia',182),
(908, 'Cacute', 'Parroquia',182),
(909, 'La Toma', 'Parroquia',182),
(910, 'Bailadores', 'Parroquia',183),
(911, 'Gerónimo Maldonado', 'Parroquia',183),
(912, 'Lagunillas', 'Parroquia',184),
(913, 'Chiguará', 'Parroquia',184),
(914, 'Estanques', 'Parroquia',184),
(915, 'San Juan', 'Parroquia',184),
(916, 'Pueblo Nuevo del Sur', 'Parroquia',184),
(917, 'La Trampa', 'Parroquia',184),
(918, 'El Llano', 'Parroquia',185),
(919, 'Tovar', 'Parroquia',185),
(920, 'El Amparo', 'Parroquia',185),
(921, 'San Francisco', 'Parroquia',185),
(922, 'Nueva Bolivia ', 'Parroquia',186),
(923, 'Independencia', 'Parroquia',186),
(924, 'María de la Concepción Palacios Blanco', 'Parroquia',186),
(925, 'Santa Apolonia', 'Parroquia',186),
(926, 'Santa Apolonia', 'Parroquia',186),
(927, 'Santa María de Caparo', 'Parroquia',187),
(928, 'Aricagua', 'Parroquia',188),
(929, 'San Antonio', 'Parroquia',188),
(930, 'Zea', 'Parroquia',189),
(931, 'Caño El Tigre', 'Parroquia',189),
(932, 'Caucagua', 'Parroquia',190),
(933, 'Aragüita', 'Parroquia',190),
(934, 'Arévalo González', 'Parroquia',190),
(935, 'Capaya', 'Parroquia',190),
(936, 'Panaquire', 'Parroquia',190),
(937, 'Ribas', 'Parroquia',190),
(938, 'El Café', 'Parroquia',190),
(939, 'Marizapa', 'Parroquia',190),
(940, 'Los Teques', 'Parroquia',191),
(941, 'Cecilio Acosta', 'Parroquia',191),
(942, 'Paracotos', 'Parroquia',191),
(943, 'San Pedro', 'Parroquia',191),
(944, 'Tácata', 'Parroquia',191),
(945, 'Altagracia de La Montaña', 'Parroquia',191),
(946, 'El Jarillo', 'Parroquia',191),
(947, 'Higuerote', 'Parroquia',192),
(948, 'Curiepe', 'Parroquia',192),
(949, 'Tacarigua', 'Parroquia',192),
(950, 'Santa Teresa del Tuy', 'Parroquia',193),
(951, 'El Cartanal', 'Parroquia',193),
(952, 'Ocumare del Tuy', 'Parroquia',194),
(953, 'La Democracia', 'Parroquia',194),
(954, 'Santa Bárbara', 'Parroquia',194),
(955, 'Río Chico', 'Parroquia',195),
(956, 'El Guapo', 'Parroquia',195),
(957, 'Tacarigua de La Laguna', 'Parroquia',195),
(958, 'Paparo', 'Parroquia',195),
(959, 'San Fernando del Guapo', 'Parroquia',195),
(960, 'Santa Lucía', 'Parroquia',196),
(961, 'Guarenas', 'Parroquia',197),
(962, 'Petare', 'Parroquia',198),
(963, 'Leoncio Martínez', 'Parroquia',198),
(964, 'Caucagüita', 'Parroquia',198),
(965, 'Fila de Mariches', 'Parroquia',198),
(966, 'La Dolorita', 'Parroquia',198),
(967, 'Cúa', 'Parroquia',199),
(968, 'Nueva Cúa', 'Parroquia',199),
(969, 'Guatire', 'Parroquia',200),
(970, 'Bolívar', 'Parroquia',200),
(971, 'Charallave', 'Parroquia',201),
(972, 'Las Brisas', 'Parroquia',201),
(973, 'San Antonio de Los Altos', 'Parroquia',202),
(974, 'San José de Barlovento', 'Parroquia',203),
(975, 'Cumbo', 'Parroquia',203),
(976, 'San Francisco de Yare', 'Parroquia',204),
(977, 'San Francisco de Yare', 'Parroquia',204),
(978, 'San Antonio de Yare', 'Parroquia',204),
(979, 'Baruta', 'Parroquia',205),
(980, 'El Cafetal', 'Parroquia',205),
(981, 'Las Minas de Baruta', 'Parroquia',205),
(982, 'Carrizal', 'Parroquia',206),
(983, 'Chacao', 'Parroquia',207),
(984, 'El Hatillo', 'Parroquia',208),
(985, 'Mamporal', 'Parroquia',209),
(986, 'Cúpira', 'Parroquia',210),
(987, 'Machurucuto', 'Parroquia',210),
(988, 'San Antonio', 'Parroquia',211),
(989, 'San Francisco', 'Parroquia',211),
(990, 'Caripe', 'Parroquia',212),
(991, 'Teresén', 'Parroquia',212),
(992, 'El Guácharo', 'Parroquia',212),
(993, 'San Agustín', 'Parroquia',212),
(994, 'La Guanota', 'Parroquia',212),
(995, 'Sabana de Piedra', 'Parroquia',212),
(996, 'Caripito', 'Parroquia',213),
(997, 'Caicara', 'Parroquia',214),
(998, 'Areo', 'Parroquia',214),
(999, 'San Félix', 'Parroquia',214),
(1000, 'Viento Fresco', 'Parroquia',214),
(1001, 'Punta de Mata', 'Parroquia',215),
(1002, 'El Tejero', 'Parroquia',215),
(1003, 'Temblador ', 'Parroquia',216),
(1004, 'Tabasca', 'Parroquia',216),
(1005, 'Las Alhuacas', 'Parroquia',216),
(1006, 'Chaguaramas', 'Parroquia',216),
(1007, 'El Furrial', 'Parroquia',217),
(1008, 'Jusepín', 'Parroquia',217),
(1009, 'El Corozo', 'Parroquia',217),
(1010, 'San Vicente', 'Parroquia',217),
(1011, 'La Pica', 'Parroquia',217),
(1012, 'Alto de los Godos', 'Parroquia',217),
(1013, 'Boquerón', 'Parroquia',217),
(1014, 'Las Cocuizas', 'Parroquia',217),
(1015, 'Santa Cruz', 'Parroquia',217),
(1016, 'San Simón', 'Parroquia',217),
(1017, 'Aragua', 'Parroquia',218),
(1018, 'Chaguaramal', 'Parroquia',218),
(1019, 'Guanaguana', 'Parroquia',218),
(1020, 'Aparicio', 'Parroquia',218),
(1021, 'Taguaya', 'Parroquia',218),
(1022, 'El Pinto', 'Parroquia',218),
(1023, 'La Toscana', 'Parroquia',218),
(1024, 'Quiriquire', 'Parroquia',219),
(1025, 'Cachipo', 'Parroquia',219),
(1026, 'Barrancas', 'Parroquia',220),
(1027, 'Los Barrancos de Fajardo', 'Parroquia',220),
(1028, 'Aguasay', 'Parroquia',221),
(1029, 'Santa Bárbara', 'Parroquia',222),
(1030, 'Uracoa', 'Parroquia',223),
(1031, 'La Asunción', 'Parroquia',224),
(1032, 'San Juan Bautista', 'Parroquia',225),
(1033, 'Zabala', 'Parroquia',225),
(1034, 'Santa Ana', 'Parroquia',226),
(1035, 'Guevara', 'Parroquia',226),
(1036, 'Matasiete', 'Parroquia',226),
(1037, 'Bolívar', 'Parroquia',226),
(1038, 'Sucre', 'Parroquia',226),
(1039, 'Pampatar', 'Parroquia',227),
(1040, 'Aguirre', 'Parroquia',227),
(1041, 'Juan Griego', 'Parroquia',228),
(1042, 'Adrián', 'Parroquia',228),
(1043, 'Porlamar', 'Parroquia',229),
(1044, 'Boca del Río', 'Parroquia',230),
(1045, 'San Francisco', 'Parroquia',230),
(1046, 'San Pedro de Coche', 'Parroquia',231),
(1047, 'Vicente Fuentes', 'Parroquia',231),
(1048, 'Punta de Piedras', 'Parroquia',232),
(1049, 'Los Barales', 'Parroquia',232),
(1050, 'La Plaza de Paraguachí', 'Parroquia',233),
(1051, 'El Valle del Espíritu Santo', 'Parroquia',234),
(1052, 'Francisco Fajardo', 'Parroquia',234),
(1053, 'Araure', 'Parroquia',235),
(1054, 'Río Acarigua', 'Parroquia',235),
(1055, 'Píritu', 'Parroquia',236),
(1056, 'Uveral', 'Parroquia',236),
(1057, 'Guanare', 'Parroquia',237),
(1058, 'Córdoba', 'Parroquia',237),
(1059, 'San Juan de Guanaguanare', 'Parroquia',237),
(1060, 'Virgen de la Coromoto', 'Parroquia',237),
(1061, 'San José de la Montaña', 'Parroquia',237),
(1062, 'Guanarito', 'Parroquia',238),
(1063, 'Trinidad de la Capilla', 'Parroquia',238),
(1064, 'Divina Pastora', 'Parroquia',238),
(1065, 'Ospino', 'Parroquia',239),
(1066, 'Aparición', 'Parroquia',239),
(1067, 'La Estación', 'Parroquia',239),
(1068, 'Acarigua', 'Parroquia',240),
(1069, 'Payara', 'Parroquia',240),
(1070, 'Pimpinela', 'Parroquia',240),
(1071, 'Ramón Peraza', 'Parroquia',240),
(1072, 'Biscucuy ', 'Parroquia',241),
(1073, 'Concepción', 'Parroquia',241),
(1074, 'San Rafael de Palo Alzado', 'Parroquia',241),
(1075, 'Uvencio Antonio Velásquez', 'Parroquia',241),
(1076, 'San José de Saguaz', 'Parroquia',241),
(1077, 'Villa Rosa', 'Parroquia',241),
(1078, 'Villa Bruzual', 'Parroquia',242),
(1079, 'Canelones', 'Parroquia',242),
(1080, 'Santa Cruz', 'Parroquia',242),
(1081, 'San Isidro Labrador', 'Parroquia',242),
(1082, 'Paraíso de Chabasquén ', 'Parroquia',243),
(1083, 'Peña Blanca', 'Parroquia',243),
(1084, 'Agua Blanca', 'Parroquia',244),
(1085, 'Papelón', 'Parroquia',245),
(1086, 'Caño Delgadito', 'Parroquia',245),
(1087, 'Boconoito', 'Parroquia',246),
(1088, 'Antolín Tovar', 'Parroquia',246),
(1089, 'San Rafael de Onoto', 'Parroquia',247),
(1090, 'Santa Fe', 'Parroquia',247),
(1091, 'Thermo Morles', 'Parroquia',247),
(1092, 'El Playón ', 'Parroquia',248),
(1093, 'Florida', 'Parroquia',248),
(1094, 'Río Caribe', 'Parroquia',249),
(1095, 'San Juan de Las Galdonas', 'Parroquia',249),
(1096, 'Puerto Santo', 'Parroquia',249),
(1097, 'El Morro de Puerto Santo', 'Parroquia',249),
(1098, 'Antonio José de Sucre', 'Parroquia',249),
(1099, 'El Pilar', 'Parroquia',250),
(1100, 'El Rincón', 'Parroquia',250),
(1101, 'Guaraúnos', 'Parroquia',250),
(1102, 'Tunapuicito', 'Parroquia',250),
(1103, 'Unión', 'Parroquia',250),
(1104, 'General Francisco Antonio Vásquez', 'Parroquia',250),
(1105, 'Santa Catalina', 'Parroquia',251),
(1106, 'Santa Rosa', 'Parroquia',251),
(1107, 'Santa Teresa', 'Parroquia',251),
(1108, 'Bolívar', 'Parroquia',251),
(1109, 'Macarapana', 'Parroquia',251),
(1110, 'Yaguaraparo', 'Parroquia',252),
(1111, 'Libertad', 'Parroquia',252),
(1112, 'El Paujil', 'Parroquia',252),
(1113, 'Irapa', 'Parroquia',253),
(1114, 'Campo Claro', 'Parroquia',253),
(1115, 'Soro', 'Parroquia',253),
(1116, 'San Antonio de Irapa', 'Parroquia',253),
(1117, 'Marabal', 'Parroquia',253),
(1118, 'San Antonio del Golfo', 'Parroquia',254),
(1119, 'Cumanacoa', 'Parroquia',255),
(1120, 'Arenas', 'Parroquia',255),
(1121, 'Aricagua', 'Parroquia',255),
(1122, 'Cocollar', 'Parroquia',255),
(1123, 'San Fernando', 'Parroquia',255),
(1124, 'San Lorenzo', 'Parroquia',255),
(1125, 'Cariaco', 'Parroquia',256),
(1126, 'Catuaro', 'Parroquia',256),
(1127, 'Rendón', 'Parroquia',256),
(1128, 'Santa Cruz', 'Parroquia',256),
(1129, 'Santa María', 'Parroquia',256),
(1130, 'Altagracia', 'Parroquia',257),
(1131, 'Ayacucho', 'Parroquia',257),
(1132, 'Santa Inés', 'Parroquia',257),
(1133, 'Valentín Valiente', 'Parroquia',257),
(1134, 'San Juan', 'Parroquia',257),
(1135, 'Gran Mariscal', 'Parroquia',257),
(1136, 'Raúl Leoni', 'Parroquia',257),
(1137, 'Güiria', 'Parroquia',258),
(1138, 'Cristóbal Colón', 'Parroquia',258),
(1139, 'Punta de Piedras', 'Parroquia',258),
(1140, 'Bideau', 'Parroquia',258),
(1141, 'Tunapuy', 'Parroquia',259),
(1142, 'Campo Elías', 'Parroquia',259),
(1143, 'Mariño', 'Parroquia',260),
(1144, 'Rómulo Gallegos', 'Parroquia',260),
(1145, 'San José de Aerocuar', 'Parroquia',261),
(1146, 'Tavera Acosta', 'Parroquia',261),
(1147, 'Marigüitar', 'Parroquia',262),
(1148, 'Araya', 'Parroquia',263),
(1149, 'Manicuare', 'Parroquia',263),
(1150, 'Chacopata', 'Parroquia',263),
(1151, 'Colón', 'Parroquia',264),
(1152, 'Rivas Berti', 'Parroquia',264),
(1153, 'San Pedro del Río', 'Parroquia',264),
(1154, 'San Antonio del Táchira', 'Parroquia',265),
(1155, 'Palotal', 'Parroquia',265),
(1156, 'Juan Vicente Gómez', 'Parroquia',265),
(1157, 'Isaías Medina Angarita', 'Parroquia',265),
(1158, 'Capacho Nuevo', 'Parroquia',266),
(1159, 'Juan Germán Roscio', 'Parroquia',266),
(1160, 'Román Cárdenas', 'Parroquia',266),
(1161, 'Táriba', 'Parroquia',267),
(1162, 'La Florida', 'Parroquia',267),
(1163, 'Amenodoro Rangel Lamús', 'Parroquia',267),
(1164, 'La Grita', 'Parroquia',268),
(1165, 'Emilio Constantino Guerrero', 'Parroquia',268),
(1166, 'Monseñor Miguel Antonio Salas', 'Parroquia',268),
(1167, 'Rubio', 'Parroquia',269),
(1168, 'Bramón', 'Parroquia',269),
(1169, 'La Petrólea', 'Parroquia',269),
(1170, 'Quinimarí', 'Parroquia',269),
(1171, 'Lobatera', 'Parroquia',270),
(1172, 'Constitución', 'Parroquia',270),
(1173, 'La Concordia', 'Parroquia',271),
(1174, 'Pedro María Morantes', 'Parroquia',271),
(1175, 'San Juan Bautista', 'Parroquia',271),
(1176, 'San Sebastián', 'Parroquia',271),
(1177, 'Dr Francisco Romero Lobo', 'Parroquia',271),
(1178, 'Pregonero', 'Parroquia',272),
(1179, 'Cárdenas', 'Parroquia',272),
(1180, 'Potosí', 'Parroquia',272),
(1181, 'Juan Pablo Peñaloza', 'Parroquia',272),
(1182, 'Santa Ana ', 'Parroquia',273),
(1183, 'La Fría', 'Parroquia',274),
(1184, 'Boca de Grita', 'Parroquia',274),
(1185, 'José Antonio Páez', 'Parroquia',274),
(1186, 'Palmira', 'Parroquia',275),
(1187, 'Michelena', 'Parroquia',276),
(1188, 'Abejales', 'Parroquia',277),
(1189, 'San Joaquín de Navay', 'Parroquia',277),
(1190, 'Doradas', 'Parroquia',277),
(1191, 'Emeterio Ochoa', 'Parroquia',277),
(1192, 'Coloncito', 'Parroquia',278),
(1193, 'La Palmita', 'Parroquia',278),
(1194, 'Ureña', 'Parroquia',279),
(1195, 'Nueva Arcadia', 'Parroquia',279),
(1196, 'Queniquea', 'Parroquia',280),
(1197, 'San Pablo', 'Parroquia',280),
(1198, 'Eleazar López Contreras', 'Parroquia',280),
(1199, 'Cordero ', 'Parroquia',281),
(1200, 'San Rafael del Piñal', 'Parroquia',282),
(1201, 'Santo Domingo', 'Parroquia',282),
(1202, 'Alberto Adriani', 'Parroquia',282),
(1203, 'Capacho Viejo', 'Parroquia',283),
(1204, 'Cipriano Castro', 'Parroquia',283),
(1205, 'Manuel Felipe Rugeles', 'Parroquia',283),
(1206, 'Seboruco', 'Parroquia',284),
(1207, 'La Tendida', 'Parroquia',285),
(1208, 'Boconó', 'Parroquia',285),
(1209, 'Hernández', 'Parroquia',285),
(1210, 'Las Mesas', 'Parroquia',286),
(1211, 'Delicias', 'Parroquia',287),
(1212, 'San Josecito', 'Parroquia',288),
(1213, 'San José de Bolívar ', 'Parroquia',289),
(1214, 'San Simón ', 'Parroquia',290),
(1215, 'EL Cobre', 'Parroquia',291),
(1216, 'Umuquena', 'Parroquia',292),
(1217, 'Betijoque', 'Parroquia',293),
(1218, 'José Gregorio Hernández', 'Parroquia',293),
(1219, 'La Pueblita', 'Parroquia',293),
(1220, 'Los Cedros', 'Parroquia',293),
(1221, 'Boconó', 'Parroquia',294),
(1222, 'El Carmen', 'Parroquia',294),
(1223, 'Mosquey', 'Parroquia',294),
(1224, 'Ayacucho', 'Parroquia',294),
(1225, 'Burbusay', 'Parroquia',294),
(1226, 'General Rivas', 'Parroquia',294),
(1227, 'Monseñor Jáuregui', 'Parroquia',294),
(1228, 'Rafael Rangel', 'Parroquia',294),
(1229, 'San José', 'Parroquia',294),
(1230, 'San Miguel', 'Parroquia',294),
(1231, 'Guaramacal', 'Parroquia',294),
(1232, 'Vega de Guaramacal', 'Parroquia',294),
(1233, 'Carache', 'Parroquia',295),
(1234, 'La Concepción', 'Parroquia',295),
(1235, 'Cuicas', 'Parroquia',295),
(1236, 'Panamericana', 'Parroquia',295),
(1237, 'Santa Cruz', 'Parroquia',295),
(1238, 'Escuque', 'Parroquia',296),
(1239, 'Sabana Libre', 'Parroquia',296),
(1240, 'La Unión', 'Parroquia',296),
(1241, 'Santa Rita', 'Parroquia',296),
(1242, 'Cristóbal Mendoza', 'Parroquia',297),
(1243, 'Chiquinquirá', 'Parroquia',297),
(1244, 'Matriz', 'Parroquia',297),
(1245, 'Monseñor Carrillo', 'Parroquia',297),
(1246, 'Cruz Carrillo', 'Parroquia',297),
(1247, 'Andrés Linares', 'Parroquia',297),
(1248, 'Tres Esquinas', 'Parroquia',297),
(1249, 'La Quebrada', 'Parroquia',298),
(1250, 'Jajó', 'Parroquia',298),
(1251, 'La Mesa', 'Parroquia',298),
(1252, 'Santiago', 'Parroquia',298),
(1253, 'Cabimbú', 'Parroquia',298),
(1254, 'Tuñame', 'Parroquia',298),
(1255, 'Mercedes Díaz', 'Parroquia',299),
(1256, 'Juan Ignacio Montilla', 'Parroquia',299),
(1257, 'La Beatriz', 'Parroquia',299),
(1258, 'Mendoza', 'Parroquia',299),
(1259, 'La Puerta', 'Parroquia',299),
(1260, 'San Luis', 'Parroquia',299),
(1261, 'Chejendé', 'Parroquia',300),
(1262, 'Carrillo', 'Parroquia',300),
(1263, 'Cegarra', 'Parroquia',300),
(1264, 'Bolivia', 'Parroquia',300),
(1265, 'Manuel Salvador Ulloa', 'Parroquia',300),
(1266, 'San José', 'Parroquia',300),
(1267, 'Arnoldo Gabaldón', 'Parroquia',300),
(1268, 'El Dividive', 'Parroquia',301),
(1269, 'Agua Caliente', 'Parroquia',301),
(1270, 'El Cenizo', 'Parroquia',301),
(1271, 'Agua Santa', 'Parroquia',301),
(1272, 'Valerita', 'Parroquia',301),
(1273, 'Monte Carmelo', 'Parroquia',302),
(1274, 'Buena Vista', 'Parroquia',302),
(1275, 'Santa María del Horcón', 'Parroquia',302),
(1276, 'Motatán', 'Parroquia',303),
(1277, 'El Baño', 'Parroquia',303),
(1278, 'Jalisco', 'Parroquia',303),
(1279, 'Pampán', 'Parroquia',304),
(1280, 'Santa Ana', 'Parroquia',304),
(1281, 'La Paz', 'Parroquia',304),
(1282, 'Flor de Patria', 'Parroquia',304),
(1283, 'Carvajal', 'Parroquia',305),
(1284, 'Antonio Nicolás Briceño', 'Parroquia',305),
(1285, 'Campo Alegre', 'Parroquia',305),
(1286, 'José Leonardo Suárez', 'Parroquia',305),
(1287, 'Sabana de Mendoza', 'Parroquia',306),
(1288, 'Junín', 'Parroquia',306),
(1289, 'Valmore Rodríguez', 'Parroquia',306),
(1290, 'El Paraíso', 'Parroquia',306),
(1291, 'Santa Isabel', 'Parroquia',307),
(1292, 'Araguaney', 'Parroquia',307),
(1293, 'El Jagüito', 'Parroquia',307),
(1294, 'La Esperanza', 'Parroquia',307),
(1295, 'Sabana Grande', 'Parroquia',308),
(1296, 'Cheregüé', 'Parroquia',308),
(1297, 'Granados', 'Parroquia',308),
(1298, 'El Socorro', 'Parroquia',309),
(1299, 'Los Caprichos', 'Parroquia',309),
(1300, 'Antonio José de Sucre', 'Parroquia',309),
(1301, 'Campo Elías', 'Parroquia',310),
(1302, 'Arnoldo Gabaldón', 'Parroquia',310),
(1303, 'Santa Apolonia', 'Parroquia',311),
(1304, 'La Ceiba', 'Parroquia',311),
(1305, 'El Progreso', 'Parroquia',311),
(1306, 'Tres de Febrero', 'Parroquia',311),
(1307, 'Pampanito', 'Parroquia',312),
(1308, 'Pampanito II', 'Parroquia',312),
(1309, 'La Concepción', 'Parroquia',312),
(1310, 'Aroa', 'Parroquia',313),
(1311, 'Chivacoa', 'Parroquia',314),
(1312, 'Campo Elías', 'Parroquia',314),
(1313, 'Nirgua', 'Parroquia',315),
(1314, 'Salom', 'Parroquia',315),
(1315, 'Temerla', 'Parroquia',315),
(1316, 'San Felipe', 'Parroquia',316),
(1317, 'Albarico', 'Parroquia',316),
(1318, 'San Javier', 'Parroquia',316),
(1319, 'Guama', 'Parroquia',317),
(1320, 'Urachiche', 'Parroquia',318),
(1321, 'Yaritagua', 'Parroquia',319),
(1322, 'San Andrés', 'Parroquia',319),
(1323, 'Sabana de Parra', 'Parroquia',320),
(1324, 'Boraure', 'Parroquia',321),
(1325, 'Cocorote', 'Parroquia',322),
(1326, 'Independencia', 'Parroquia',323),
(1327, 'San Pablo', 'Parroquia',324),
(1328, 'Yumare', 'Parroquia',325),
(1329, 'Farriar', 'Parroquia',326),
(1330, 'El Guayabo', 'Parroquia',326),
(1331, 'General Urdaneta', 'Parroquia',327),
(1332, 'Libertador', 'Parroquia',327),
(1333, 'Manuel Guanipa Matos', 'Parroquia',327),
(1334, 'Marcelino Briceño', 'Parroquia',327),
(1335, 'San Timoteo', 'Parroquia',327),
(1336, 'Pueblo Nuevo', 'Parroquia',327),
(1337, 'Pedro Lucas Urribarri', 'Parroquia',328),
(1338, 'Santa Rita', 'Parroquia',328),
(1339, 'José Cenovio Urribarri', 'Parroquia',328),
(1340, 'El Mene', 'Parroquia',328),
(1341, 'San Carlos del Zulia', 'Parroquia',329),
(1342, 'Urribarri', 'Parroquia',329),
(1343, 'Moralito', 'Parroquia',329),
(1344, 'Santa Cruz del Zulia', 'Parroquia',329),
(1345, 'Santa Bárbara', 'Parroquia',329),
(1346, 'Luis de Vicente', 'Parroquia',330),
(1347, 'Ricaurte', 'Parroquia',330),
(1348, 'Monseñor Marcos Sergio Godoy', 'Parroquia',330),
(1349, 'San Rafael', 'Parroquia',330),
(1350, 'Las Parcelas', 'Parroquia',330),
(1351, 'Tamare', 'Parroquia',330),
(1352, 'La Sierrita', 'Parroquia',330),
(1353, 'Bolívar', 'Parroquia',331),
(1354, 'Coquivacoa', 'Parroquia',331),
(1355, 'Cristo de Aranza', 'Parroquia',331),
(1356, 'Chiquinquirá', 'Parroquia',331),
(1357, 'Santa Lucía', 'Parroquia',331),
(1358, 'Olegario Villalobos', 'Parroquia',331),
(1359, 'Juana de Avila', 'Parroquia',331),
(1360, 'Caracciolo Parra Pérez', 'Parroquia',331),
(1361, 'Idelfonso Vásquez', 'Parroquia',331),
(1362, 'Cacique Mara', 'Parroquia',331),
(1363, 'Cecilio Acosta', 'Parroquia',331),
(1364, 'Raúl Leoni', 'Parroquia',331),
(1365, 'Francisco Eugenio Bustamante', 'Parroquia',331),
(1366, 'Manuel Dagnino', 'Parroquia',331),
(1367, 'Luis Hurtado Higuera', 'Parroquia',331),
(1368, 'Venancio Pulgar', 'Parroquia',331),
(1369, 'Antonio Borjas Romero', 'Parroquia',331),
(1370, 'San Isidro', 'Parroquia',331),
(1371, 'Faría', 'Parroquia',332),
(1372, 'San Antonio', 'Parroquia',332),
(1373, 'Ana María Campos', 'Parroquia',332),
(1374, 'San José', 'Parroquia',332),
(1375, 'Altagracia', 'Parroquia',332),
(1376, 'Goajira', 'Parroquia',333),
(1377, 'Elías Sánchez Rubio', 'Parroquia',333),
(1378, 'Sinamaica', 'Parroquia',333),
(1379, 'Alta Guajira', 'Parroquia',333),
(1380, 'San José de Perijá', 'Parroquia',334),
(1381, 'Bartolomé de las Casas', 'Parroquia',334),
(1382, 'Libertad', 'Parroquia',334),
(1383, 'Río Negro', 'Parroquia',334),
(1384, 'Gibraltar', 'Parroquia',335),
(1385, 'Heras', 'Parroquia',335),
(1386, 'Monseñor Arturo Celestino Alvarez', 'Parroquia',335),
(1387, 'Rómulo Gallegos', 'Parroquia',335),
(1388, 'Bobures', 'Parroquia',335),
(1389, 'El Batey', 'Parroquia',335),
(1390, 'Andrés Bello', 'Parroquia',336),
(1391, 'Potreritos', 'Parroquia',336),
(1392, 'El Carmelo', 'Parroquia',336),
(1393, 'Chiquinquirá', 'Parroquia',336),
(1394, 'Concepción', 'Parroquia',336),
(1395, 'Eleazar López Contreras', 'Parroquia',337),
(1396, 'Alonso de Ojeda', 'Parroquia',337),
(1397, 'Venezuela', 'Parroquia',337),
(1398, 'Campo Lara', 'Parroquia',337),
(1399, 'Libertad', 'Parroquia',337),
(1400, 'Udón Pérez', 'Parroquia',338),
(1401, 'Encontrados', 'Parroquia',338),
(1402, 'Donaldo García', 'Parroquia',339),
(1403, 'Sixto Zambrano', 'Parroquia',339),
(1404, 'El Rosario', 'Parroquia',339),
(1405, 'Ambrosio', 'Parroquia',340),
(1406, 'Germán Ríos Linares', 'Parroquia',340),
(1407, 'Jorge Hernández', 'Parroquia',340),
(1408, 'La Rosa', 'Parroquia',340),
(1409, 'Punta Gorda', 'Parroquia',340),
(1410, 'Carmen Herrera', 'Parroquia',340),
(1411, 'San Benito', 'Parroquia',340),
(1412, 'Rómulo Betancourt', 'Parroquia',340),
(1413, 'Arístides Calvani', 'Parroquia',340),
(1414, 'Raúl Cuenca', 'Parroquia',341),
(1415, 'La Victoria', 'Parroquia',341),
(1416, 'Rafael Urdaneta', 'Parroquia',341),
(1417, 'José Ramón Yepes', 'Parroquia',342),
(1418, 'La Concepción', 'Parroquia',342),
(1419, 'San José', 'Parroquia',342),
(1420, 'Mariano Parra León', 'Parroquia',342),
(1421, 'Monagas', 'Parroquia',343),
(1422, 'Isla de Toas', 'Parroquia',343),
(1423, 'Marcial Hernández', 'Parroquia',344),
(1424, 'Francisco Ochoa', 'Parroquia',344),
(1425, 'San Francisco', 'Parroquia',344),
(1426, 'El Bajo', 'Parroquia',344),
(1427, 'Domitila Flores', 'Parroquia',344),
(1428, 'Los Cortijos', 'Parroquia',344),
(1429, 'Barí', 'Parroquia',345),
(1430, 'Jesús María Semprún', 'Parroquia',345),
(1431, 'Simón Rodríguez', 'Parroquia',346),
(1432, 'Carlos Quevedo', 'Parroquia',346),
(1433, 'Francisco Javier Pulgar', 'Parroquia',346),
(1434, 'Rafael María Baralt', 'Parroquia',347),
(1435, 'Manuel Manrique', 'Parroquia',347),
(1436, 'Rafael Urdaneta', 'Parroquia',347),
(1437, 'Fernando Girón Tovar', 'Parroquia',348),
(1438, 'Luis Alberto Gómez', 'Parroquia',348),
(1439, 'Parhueña', 'Parroquia',348),
(1440, 'Platanillal', 'Parroquia',348),
(1441, 'San Fernando de Atabapo', 'Parroquia',349),
(1442, 'Ucata', 'Parroquia',349),
(1443, 'Yapacana', 'Parroquia',349),
(1444, 'Caname', 'Parroquia',349),
(1445, 'Maroa', 'Parroquia',350),
(1446, 'Victorino', 'Parroquia',350),
(1447, 'Comunidad', 'Parroquia',350),
(1448, 'San Carlos de Río Negro', 'Parroquia',351),
(1449, 'Solano', 'Parroquia',351),
(1450, 'Casiquiare', 'Parroquia',351),
(1451, 'Cocuy', 'Parroquia',351),
(1452, 'Isla Ratón', 'Parroquia',352),
(1453, 'Samariapo', 'Parroquia',352),
(1454, 'Sipapo', 'Parroquia',352),
(1455, 'Munduapo', 'Parroquia',352),
(1456, 'Guayapo', 'Parroquia',352),
(1457, 'San Juan de Manapiare', 'Parroquia',353),
(1458, 'Alto Ventuari', 'Parroquia',353),
(1459, 'Medio Ventuari', 'Parroquia',353),
(1460, 'Bajo Ventuari', 'Parroquia',353),
(1461, 'La Esmeralda ', 'Parroquia',354),
(1462, 'Huachamacare', 'Parroquia',354),
(1463, 'Marawaka', 'Parroquia',354),
(1464, 'Mavaca', 'Parroquia',354),
(1465, 'Sierra Parima', 'Parroquia',354),
(1466, 'San José', 'Parroquia',355),
(1467, 'Virgen del Valle', 'Parroquia',355),
(1468, 'San Rafael', 'Parroquia',355),
(1469, 'José Vidal Marcano', 'Parroquia',355),
(1470, 'Leonardo Ruíz Pineda', 'Parroquia',355),
(1471, 'Monseñor Argimiro García', 'Parroquia',355),
(1472, 'Mariscal Antonio José de Sucre', 'Parroquia',355),
(1473, 'Juan Millán', 'Parroquia',355),
(1474, 'Pedernales', 'Parroquia',356),
(1475, 'Luis Beltrán Prieto Figueroa', 'Parroquia',356),
(1476, 'Curiapo', 'Parroquia',357),
(1477, 'Santos de Abelgas', 'Parroquia',357),
(1478, 'Manuel Renaud', 'Parroquia',357),
(1479, 'Padre Barral', 'Parroquia',357),
(1480, 'Francisco Aniceto Lugo', 'Parroquia',357),
(1481, 'Almirante Luis Brión', 'Parroquia',357),
(1482, 'Imataca', 'Parroquia',358),
(1483, 'Rómulo Gallegos', 'Parroquia',358),
(1484, 'Juan Bautista Arismendi', 'Parroquia',358),
(1485, 'Manuel Piar', 'Parroquia',358),
(1486, 'Caraballeda', 'Parroquia',359),
(1487, 'Carayaca', 'Parroquia',359),
(1488, 'Caruao', 'Parroquia',359),
(1489, 'Catia La Mar', 'Parroquia',359),
(1490, 'La Guaira', 'Parroquia',359),
(1491, 'Macuto', 'Parroquia',359),
(1492, 'Maiquetía', 'Parroquia',359),
(1493, 'Naiguatá', 'Parroquia',359),
(1494, 'Urimare', 'Parroquia',359),
(1495, 'Carlos Soublette', 'Parroquia',359),
(1496, 'El Junko', 'Parroquia',359);



INSERT INTO Empleado (empleado_codigo, empleado_cedula, empleado_RIF, empleado_primer_nombre, empleado_segundo_nombre, empleado_primer_apellido, empleado_segundo_apellido, empleado_fecha_nacimiento, empleado_detalle_direccion, fk_lugar)
VALUES
  (1, '1234567', 'J-12345671', 'Juan', 'Pablo', 'Gonzalez', 'Rodriguez', '1990-02-15', 'Calle 1', 361),
  (2, '7890123', 'J-78901235', 'Maria', 'Isabel', 'Perez', 'Gomez', '1985-06-20', 'Avenida 2', 412),
  (3, '3456789', 'J-34567897', 'Carlos', 'Alberto', 'Hernandez', 'Lopez', '1978-03-12', 'Calle 3', 481),
  (4, '9012345', 'J-90123459', 'Ana', 'Lucia', 'Garcia', 'Martinez', '1992-11-01', 'Avenida 4', 391),
  (5, '5678901', 'J-56789015', 'Pedro', 'Jose', 'Rodriguez', 'Gonzalez', '1982-05-18', 'Calle 5', 421),
  (6, '2345678', 'J-23456783', 'Sofia', 'Elena', 'Perez', 'Hernandez', '1995-01-25', 'Avenida 6', 461),
  (7, '4567890', 'J-45678902', 'Luis', 'Fernando', 'Gomez', 'Lopez', '1980-08-22', 'Calle 7', 401),
  (8, '6789012', 'J-67890122', 'Julia', 'Marcela', 'Hernandez', 'Garcia', '1993-04-10', 'Avenida 8', 431),
  (9, '8901234', 'J-89012344', 'Ricardo', 'Andres', 'Gonzalez', 'Perez', '1987-09-15', 'Calle 9', 441),
  (10, '1234901', 'J-12349056', 'Laura', 'Isabella', 'Lopez', 'Rodriguez', '1991-07-28', 'Avenida 10', 451),
  (11, '3456123', 'J-34561232', 'Juan', 'Carlos', 'Perez', 'Hernandez', '1983-02-05', 'Calle 11', 381),
  (12, '5678439', 'J-56784397', 'Maria', 'Teresa', 'Garcia', 'Gomez', '1994-03-20', 'Avenida 12', 411),
  (13, '7890654', 'J-78906548', 'Pedro', 'Alejandro', 'Hernandez', 'Lopez', '1981-11-12', 'Calle 13', 391),
  (14, '9013578', 'J-90135789', 'Sofia', 'Patricia', 'Perez', 'Gonzalez', '1996-05-01', 'Avenida 14', 421),
  (15, '2345890', 'J-23458901', 'Luis', 'Miguel', 'Gomez', 'Hernandez', '1984-08-25', 'Calle 15', 401),
  (16, '4569213', 'J-45692134', 'Julia', 'Andrea', 'Hernandez', 'Garcia', '1992-02-18', 'Avenida 16', 431),
  (17, '6787539', 'J-67875395', 'Ricardo', 'Javier', 'Gonzalez', 'Perez', '1986-09-28', 'Calle 17', 441),
  (18, '8906542', 'J-89065426', 'Laura', 'Daniela', 'Lopez', 'Rodriguez', '1990-07-15', 'Avenida 18', 451),
  (19, '1238765', 'J-12387657', 'Juan', 'Pablo', 'Perez', 'Hernandez', '1982-03-12', 'Calle 19', 381),
  (20, '3459876', 'J-34598768', 'Maria', 'Isabel', 'Garcia', 'Gomez', '1993-04-20', 'Avenida 20', 411),
  (21, '5671098', 'J-56710989', 'Pedro', 'Jose', 'Hernandez', 'Lopez', '1985-05-18', 'Calle 21', 391),
  (22, '7892109', 'J-78921095', 'Sofia', 'Elena', 'Perez', 'Gonzalez', '1995-01-25', 'Avenida 22', 421),
  (23, '2343210', 'J-23432104', 'Luis', 'Fernando', 'Gomez', 'Hernandez', '1980-08-22', 'Calle 23', 401),
  (24, '4565432', 'J-45654323', 'Julia', 'Marcela', 'Hernandez', 'Garcia', '1992-04-10', 'Avenida 24', 431),
  (25, '6786543', 'J-67865435', 'Ricardo', 'Andres', 'Gonzalez', 'Perez', '1987-09-15', 'Calle 25', 441),
  (26, '8905678', 'J-89056787', 'Laura', 'Isabella', 'Lopez', 'Rodriguez', '1991-07-28', 'Avenida 26', 451),
  (27, '1236549', 'J-12365497', 'Juan', 'Carlos', 'Perez', 'Hernandez', '1983-02-05', 'Calle 27', 381),
  (28, '3456780', 'J-34567808', 'Maria', 'Teresa', 'Garcia', 'Gomez', '1994-03-20', 'Avenida 28', 411),
  (29, '5678961', 'J-56789612', 'Pedro', 'Alejandro', 'Hernandez', 'Lopez', '1981-11-12', 'Calle 29', 391),
  (30, '7899123', 'J-78991235', 'Sofia', 'Patricia', 'Perez', 'Gonzalez', '1996-05-01', 'Avenida 30', 421),
  (31, '2395678', 'J-23956784', 'Luis', 'Miguel', 'Gomez', 'Hernandez', '1984-08-25', 'Calle 31', 401),
  (32, '4567899', 'J-45678993', 'Julia', 'Andrea', 'Hernandez', 'Garcia', '1992-02-18', 'Avenida 32', 431),
  (33, '6789212', 'J-67892122', 'Ricardo', 'Javier', 'Gonzalez', 'Perez', '1986-09-28', 'Calle 33', 441),
  (34, '8911234', 'J-89112349', 'Laura', 'Daniela', 'Lopez', 'Rodriguez', '1990-07-15', 'Avenida 34', 451),
  (35, '1234955', 'J-12349554', 'Juan', 'Pablo', 'Perez', 'Hernandez', '1982-03-12', 'Calle 35', 381),
  (36, '3466123', 'J-34661236', 'Maria', 'Isabel', 'Garcia', 'Gomez', '1993-04-20', 'Avenida 36', 411),
  (37, '6678439', 'J-66784395', 'Pedro', 'Jose', 'Hernandez', 'Lopez', '1985-05-18', 'Calle 37', 391),
  (38, '7899654', 'J-78996547', 'Sofia', 'Elena', 'Perez', 'Gonzalez', '1995-01-25', 'Avenida 38', 421),
  (39, '2345898', 'J-23458984', 'Luis', 'Fernando', 'Gomez', 'Hernandez', '1980-08-22', 'Calle 39', 401),
  (40, '4569233', 'J-45692332', 'Julia', 'Marcela', 'Hernandez', 'Garcia', '1992-04-10', 'Avenida 40', 431);
INSERT INTO Horario (horario_codigo, horario_dia, horario_hora_entrada, horario_hora_salida)
VALUES
  (1, 'Lunes', '07:15:00', '19:45:00'),
  (2, 'Martes', '08:30:00', '20:10:00'),
  (3, 'Miércoles', '07:45:00', '19:20:00'),
  (4, 'Jueves', '08:00:00', '20:30:00'),
  (5, 'Viernes', '07:50:00', '19:50:00'),
  (6, 'Sábado', '08:15:00', '20:45:00'),
  (7, 'Domingo', '07:30:00', '19:10:00'),
  (8, 'Lunes', '08:45:00', '20:20:00'),
  (9, 'Martes', '07:20:00', '19:40:00'),
  (10, 'Miércoles', '08:10:00', '20:50:00'),
  (11, 'Jueves', '07:40:00', '19:30:00'),
  (12, 'Viernes', '08:25:00', '20:35:00'),
  (13, 'Sábado', '07:55:00', '19:55:00'),
  (14, 'Domingo', '08:05:00', '20:15:00'),
  (15, 'Lunes', '07:35:00', '19:25:00'),
  (16, 'Martes', '08:50:00', '20:40:00'),
  (17, 'Miércoles', '07:10:00', '19:00:00'),
  (18, 'Jueves', '08:20:00', '20:00:00'),
  (19, 'Viernes', '07:45:00', '19:45:00'),
  (20, 'Sábado', '08:35:00', '20:25:00'),
  (21, 'Domingo', '07:25:00', '19:15:00'),
  (22, 'Lunes', '08:40:00', '20:30:00'),
  (23, 'Martes', '07:30:00', '19:20:00'),
  (24, 'Miércoles', '08:15:00', '20:45:00'),
  (25, 'Jueves', '07:50:00', '19:50:00'),
  (26, 'Viernes', '08:25:00', '20:35:00'),
  (27, 'Sábado', '07:40:00', '19:30:00'),
  (28, 'Domingo', '08:10:00', '20:20:00'),
  (29, 'Lunes', '07:20:00', '19:10:00'),
  (30, 'Martes', '08:45:00', '20:40:00'),
  (31, 'Miércoles', '07:35:00', '19:25:00'),
  (32, 'Jueves', '08:20:00', '20:00:00'),
  (33, 'Viernes', '07:45:00', '19:45:00'),
  (34, 'Sábado', '08:35:00', '20:25:00'),
  (35, 'Domingo', '07:25:00', '19:15:00'),
  (36, 'Lunes', '08:40:00', '20:30:00'),
  (37, 'Martes', '07:30:00', '19:20:00'),
  (38, 'Miércoles', '08:15:00', '20:45:00'),
  (39, 'Jueves', '07:50:00', '19:50:00'),
  (40, 'Viernes', '08:25:00', '20:35:00'),
(41, 'Sábado', '08:40:00', '20:00:00'),
(42, 'Domingo', '09:00:00', '20:10:00'),
(43, 'Lunes', '07:10:00', '19:00:00'),
(44, 'Martes', '08:20:00', '20:00:00'),
(45, 'Miércoles', '07:45:00', '19:45:00'),
(46, 'Jueves', '08:35:00', '20:25:00'),
(47, 'Viernes', '07:20:00', '19:10:00'),
(48, 'Sábado', '08:50:00', '20:40:00'),
(49, 'Domingo', '07:30:00', '19:20:00'),
(50, 'Lunes', '08:10:00', '20:20:00'),
(51, 'Martes', '07:40:00', '19:30:00'),
(52, 'Miércoles', '08:25:00', '20:35:00'),
(53, 'Jueves', '07:55:00', '19:55:00'),
(54, 'Viernes', '08:05:00', '20:15:00'),
(55, 'Sábado', '07:35:00', '19:25:00'),
(56, 'Domingo', '08:40:00', '20:30:00'),
(57, 'Lunes', '07:25:00', '19:15:00'),
(58, 'Martes', '08:30:00', '20:20:00'),
(59, 'Miércoles', '07:50:00', '19:50:00'),
(60, 'Jueves', '08:15:00', '20:45:00'),
(61, 'Viernes', '07:40:00', '19:30:00'),
(62, 'Sábado', '08:25:00', '20:35:00'),
(63, 'Domingo', '07:30:00', '19:20:00'),
(64, 'Lunes', '08:10:00', '20:20:00'),
(65, 'Martes', '07:45:00', '19:45:00'),
(66, 'Miércoles', '08:35:00', '20:25:00'),
(67, 'Jueves', '07:20:00', '19:10:00'),
(68, 'Viernes', '08:50:00', '20:40:00'),
(69, 'Sábado', '07:35:00', '19:25:00'),
(70, 'Domingo', '08:40:00', '20:30:00'),
(71, 'Lunes', '07:25:00', '19:15:00'),
(72, 'Martes', '08:30:00', '20:20:00'),
(73, 'Miércoles', '07:50:00', '19:50:00'),
(74, 'Jueves', '08:15:00', '20:45:00'),
(75, 'Viernes', '07:40:00', '19:30:00'),
(76, 'Sábado', '08:25:00', '20:35:00'),
(77, 'Domingo', '07:30:00', '19:20:00'),
(78, 'Lunes', '08:10:00', '20:20:00'),
(79, 'Martes', '07:45:00', '19:45:00'),
(80, 'Miércoles', '08:35:00', '20:25:00'),
(81, 'Jueves', '07:20:00', '19:10:00'),
(82, 'Viernes', '08:50:00', '20:40:00'),
(83, 'Sábado', '07:35:00', '19:25:00'),
(84, 'Domingo', '08:40:00', '20:30:00'),
(85, 'Lunes', '07:25:00', '19:15:00'),
(86, 'Martes', '08:30:00', '20:20:00'),
(87, 'Miércoles', '07:50:00', '19:50:00'),
(88, 'Jueves', '08:15:00', '20:45:00'),
(89, 'Viernes', '07:40:00', '19:30:00'),
(90, 'Sábado', '08:25:00', '20:35:00'),
(91, 'Domingo', '07:30:00', '19:20:00'),
(92, 'Lunes', '08:10:00', '20:20:00'),
(93, 'Martes', '07:45:00', '19:45:00'),
(94, 'Miércoles', '08:35:00', '20:25:00'),
(95, 'Jueves', '07:20:00', '19:10:00'),
(96, 'Viernes', '08:50:00', '20:40:00'),
(97, 'Sábado', '07:35:00', '19:25:00'),
(98, 'Domingo', '08:40:00', '20:30:00'),
(99, 'Lunes', '07:25:00', '19:15:00'),
(100, 'Martes', '08:30:00', '20:20:00'),
(101, 'Miércoles', '07:50:00', '19:50:00'),
(102, 'Jueves', '08:15:00', '20:45:00'),
(103, 'Viernes', '07:40:00', '19:30:00'),
(104, 'Sábado', '08:25:00', '20:35:00'),
(105, 'Domingo', '07:30:00', '19:20:00'),
(106, 'Lunes', '08:10:00', '20:20:00'),
(107, 'Martes', '07:45:00', '19:45:00'),
(108, 'Miércoles', '08:35:00', '20:25:00'),
(109, 'Jueves', '07:20:00', '19:10:00'),
(110, 'Viernes', '08:50:00', '20:40:00'),
(111, 'Sábado', '07:35:00', '19:25:00'),
(112, 'Domingo', '08:40:00', '20:30:00'),
(113, 'Lunes', '07:25:00', '19:15:00'),
(114, 'Martes', '08:30:00', '20:20:00'),
(115, 'Miércoles', '07:50:00', '19:50:00'),
(116, 'Jueves', '08:15:00', '20:45:00'),
(117, 'Viernes', '07:40:00', '19:30:00'),
(118, 'Sábado', '08:25:00', '20:35:00'),
(119, 'Domingo', '07:30:00', '19:20:00'),
(120, 'Lunes', '08:10:00', '20:20:00'),
(121, 'Martes', '07:45:00', '19:45:00'),
(122, 'Miércoles', '08:35:00', '20:25:00'),
(123, 'Jueves', '07:20:00', '19:10:00'),
(124, 'Viernes', '08:50:00', '20:40:00'),
(125, 'Sábado', '07:35:00', '19:25:00'),
(126, 'Domingo', '08:40:00', '20:30:00'),
(127, 'Lunes', '07:25:00', '19:15:00'),
(128, 'Martes', '08:30:00', '20:20:00'),
(129, 'Miércoles', '07:50:00', '19:50:00'),
(130, 'Jueves', '08:15:00', '20:45:00'),
(131, 'Viernes', '07:40:00', '19:30:00'),
(132, 'Sábado', '08:25:00', '20:35:00'),
(133, 'Domingo', '07:30:00', '19:20:00'),
(134, 'Lunes', '08:10:00', '20:20:00'),
(135, 'Martes', '07:45:00', '19:45:00'),
(136, 'Miércoles', '08:35:00', '20:25:00'),
(137, 'Jueves', '07:20:00', '19:10:00'),
(138, 'Viernes', '08:50:00', '20:40:00'),
(139, 'Sábado', '07:35:00', '19:25:00'),
(140, 'Domingo', '08:40:00', '20:30:00'),
(141, 'Lunes', '07:25:00', '19:15:00'),
(142, 'Martes', '08:30:00', '20:20:00'),
(143, 'Miércoles', '07:50:00', '19:50:00'),
(144, 'Jueves', '08:15:00', '20:45:00'),
(145, 'Viernes', '07:40:00', '19:30:00'),
(146, 'Sábado', '08:25:00', '20:35:00'),
(147, 'Domingo', '07:30:00', '19:20:00'),
(148, 'Lunes', '08:10:00', '20:20:00'),
(149, 'Martes', '07:45:00', '19:45:00'),
(150, 'Miércoles', '08:35:00', '20:25:00'),
(151, 'Jueves', '07:20:00', '19:10:00'),
(152, 'Viernes', '08:50:00', '20:40:00'),
(153, 'Sábado', '07:35:00', '19:25:00'),
(154, 'Domingo', '08:40:00', '20:30:00'),
(155, 'Lunes', '07:25:00', '19:15:00'),
(156, 'Martes', '08:30:00', '20:20:00'),
(157, 'Miércoles', '07:50:00', '19:50:00'),
(158, 'Jueves', '08:15:00', '20:45:00'),
(159, 'Viernes', '07:40:00', '19:30:00'),
(160, 'Sábado', '08:25:00', '20:35:00'),
(161, 'Domingo', '07:30:00', '19:20:00'),
(162, 'Lunes', '08:10:00', '20:20:00'),
(163, 'Martes', '07:45:00', '19:45:00'),
(164, 'Miércoles', '08:35:00', '20:25:00'),
(165, 'Jueves', '07:20:00', '19:10:00'),
(166, 'Viernes', '08:50:00', '20:40:00'),
(167, 'Sábado', '07:35:00', '19:25:00'),
(168, 'Domingo', '08:40:00', '20:30:00'),
(169, 'Lunes', '07:25:00', '19:15:00'),
(170, 'Martes', '08:30:00', '20:20:00'),
(171, 'Miércoles', '07:50:00', '19:50:00'),
(172, 'Jueves', '08:15:00', '20:45:00'),
(173, 'Viernes', '07:40:00', '19:30:00'),
(174, 'Sábado', '08:25:00', '20:35:00'),
(175, 'Domingo', '07:30:00', '19:20:00'),
(176, 'Lunes', '08:10:00', '20:20:00'),
(177, 'Martes', '07:45:00', '19:45:00'),
(178, 'Miércoles', '08:35:00', '20:25:00'),
(179, 'Jueves', '07:20:00', '19:10:00'),
(180, 'Viernes', '08:50:00', '20:40:00'),
(181, 'Sábado', '07:35:00', '19:25:00'),
(182, 'Domingo', '08:40:00', '20:30:00'),
(183, 'Lunes', '07:25:00', '19:15:00'),
(184, 'Martes', '08:30:00', '20:20:00'),
(185, 'Miércoles', '07:50:00', '19:50:00'),
(186, 'Jueves', '08:15:00', '20:45:00'),
(187, 'Viernes', '07:40:00', '19:30:00'),
(188, 'Sábado', '08:25:00', '20:35:00'),
(189, 'Domingo', '07:30:00', '19:20:00'),
(190, 'Lunes', '08:10:00', '20:20:00'),
(191, 'Martes', '07:45:00', '19:45:00'),
(192, 'Miércoles', '08:35:00', '20:25:00'),
(193, 'Jueves', '07:20:00', '19:10:00'),
(194, 'Viernes', '08:50:00', '20:40:00'),
(195, 'Sábado', '07:35:00', '19:25:00'),
(196, 'Domingo', '08:40:00', '20:30:00'),
(197, 'Lunes', '07:25:00', '19:15:00'),
(198, 'Martes', '08:30:00', '20:20:00'),
(199, 'Miércoles', '07:50:00', '19:50:00'),
(200, 'Jueves', '08:15:00', '20:45:00'),
(201, 'Viernes', '07:40:00', '19:30:00'),
(202, 'Sábado', '08:25:00', '20:35:00'),
(203, 'Domingo', '07:30:00', '19:20:00'),
(204, 'Lunes', '08:10:00', '20:20:00'),
(205, 'Martes', '07:45:00', '19:45:00'),
(206, 'Miércoles', '08:35:00', '20:25:00'),
(207, 'Jueves', '07:20:00', '19:10:00'),
(208, 'Viernes', '08:50:00', '20:40:00'),
(209, 'Sábado', '07:35:00', '19:25:00'),
(210, 'Domingo', '08:40:00', '20:30:00'),
(211, 'Lunes', '07:25:00', '19:15:00'),
(212, 'Martes', '08:30:00', '20:20:00'),
(213, 'Miércoles', '07:50:00', '19:50:00'),
(214, 'Jueves', '08:15:00', '20:45:00'),
(215, 'Viernes', '07:40:00', '19:30:00'),
(216, 'Sábado', '08:25:00', '20:35:00'),
(217, 'Domingo', '07:30:00', '19:20:00'),
(218, 'Lunes', '08:10:00', '20:20:00'),
(219, 'Martes', '07:45:00', '19:45:00'),
(220, 'Miércoles', '08:35:00', '20:25:00'),
(221, 'Jueves', '07:20:00', '19:10:00'),
(222, 'Viernes', '08:50:00', '20:40:00'),
(223, 'Sábado', '07:35:00', '19:25:00'),
(224, 'Domingo', '08:40:00', '20:30:00'),
(225, 'Lunes', '07:25:00', '19:15:00'),
(226, 'Martes', '08:30:00', '20:20:00'),
(227, 'Miércoles', '07:50:00', '19:50:00'),
(228, 'Jueves', '08:15:00', '20:45:00'),
(229, 'Viernes', '07:40:00', '19:30:00'),
(230, 'Sábado', '08:25:00', '20:35:00'),
(231, 'Domingo', '07:30:00', '19:20:00'),
(232, 'Lunes', '08:10:00', '20:20:00'),
(233, 'Martes', '07:45:00', '19:45:00'),
(234, 'Miércoles', '08:35:00', '20:25:00'),
(235, 'Jueves', '07:20:00', '19:10:00'),
(236, 'Viernes', '08:50:00', '20:40:00'),
(237, 'Sábado', '07:35:00', '19:25:00'),
(238, 'Domingo', '08:40:00', '20:30:00'),
(239, 'Lunes', '07:25:00', '19:15:00'),
(240, 'Martes', '08:30:00', '20:20:00'),
(241, 'Miércoles', '07:50:00', '19:50:00'),
(242, 'Jueves', '08:15:00', '20:45:00'),
(243, 'Viernes', '07:40:00', '19:30:00'),
(244, 'Sábado', '08:25:00', '20:35:00'),
(245, 'Domingo', '07:30:00', '19:20:00'),
(246, 'Lunes', '08:10:00', '20:20:00'),
(247, 'Martes', '07:45:00', '19:45:00'),
(248, 'Miércoles', '08:35:00', '20:25:00'),
(249, 'Jueves', '07:20:00', '19:10:00'),
(250, 'Viernes', '08:50:00', '20:40:00'),
(251, 'Sábado', '07:35:00', '19:25:00'),
(252, 'Domingo', '08:40:00', '20:30:00'),
(253, 'Lunes', '07:25:00', '19:15:00'),
(254, 'Martes', '08:30:00', '20:20:00'),
(255, 'Miércoles', '07:50:00', '19:50:00'),
(256, 'Jueves', '08:15:00', '20:45:00'),
(257, 'Viernes', '07:40:00', '19:30:00'),
(258, 'Sábado', '08:25:00', '20:35:00'),
(259, 'Domingo', '07:30:00', '19:20:00'),
(260, 'Lunes', '08:10:00', '20:20:00'),
(261, 'Martes', '07:45:00', '19:45:00'),
(262, 'Miércoles', '08:35:00', '20:25:00'),
(263, 'Jueves', '07:20:00', '19:10:00'),
(264, 'Viernes', '08:50:00', '20:40:00'),
(265, 'Sábado', '07:35:00', '19:25:00'),
(266, 'Domingo', '08:40:00', '20:30:00'),
(267, 'Lunes', '07:25:00', '19:15:00'),
(268, 'Martes', '08:30:00', '20:20:00'),
(269, 'Miércoles', '07:50:00', '19:50:00'),
(270, 'Jueves', '08:15:00', '20:45:00'),
(271, 'Viernes', '07:40:00', '19:30:00'),
(272, 'Sábado', '08:25:00', '20:35:00'),
(273, 'Domingo', '07:30:00', '19:20:00'),
(274, 'Lunes', '08:10:00', '20:20:00'),
(275, 'Martes', '07:45:00', '19:45:00'),
(276, 'Miércoles', '08:35:00', '20:25:00'),
(277, 'Jueves', '07:20:00', '19:10:00'),
(278, 'Viernes', '08:50:00', '20:40:00'),
(279, 'Sábado', '07:35:00', '19:25:00'),
(280, 'Domingo', '08:40:00', '20:30:00');

INSERT INTO Empleado_Horario (fk_empleado, fk_horario) VALUES
  (1, 1), (1, 2), (1, 3), (1, 4), (1, 5), (1, 6), (1, 7),
  (2, 8), (2, 9), (2, 10), (2, 11), (2, 12), (2, 13), (2, 14),
  (3, 15), (3, 16), (3, 17), (3, 18), (3, 19), (3, 20), (3, 21),
  (4, 22), (4, 23), (4, 24), (4, 25), (4, 26), (4, 27), (4, 28),
  (5, 29), (5, 30), (5, 31), (5, 32), (5, 33), (5, 34), (5, 35),
  (6, 36), (6, 37), (6, 38), (6, 39), (6, 40), (6, 41), (6, 42),
  (7, 43), (7, 44), (7, 45), (7, 46), (7, 47), (7, 48), (7, 49),
  (8, 50), (8, 51), (8, 52), (8, 53), (8, 54), (8, 55), (8, 56),
  (9, 57), (9, 58), (9, 59), (9, 60), (9, 61), (9, 62), (9, 63),
  (10, 64), (10, 65), (10, 66), (10, 67), (10, 68), (10, 69), (10, 70),
  (11, 71), (11, 72), (11, 73), (11, 74), (11, 75), (11, 76), (11, 77),
  (12, 78), (12, 79), (12, 80), (12, 81), (12, 82), (12, 83), (12, 84),
  (13, 85), (13, 86), (13, 87), (13, 88), (13, 89), (13, 90), (13, 91),
  (14, 92), (14, 93), (14, 94), (14, 95), (14, 96), (14, 97), (14, 98),
  (15, 99), (15, 100), (15, 101), (15, 102), (15, 103), (15, 104), (15, 105),
  (16, 106), (16, 107), (16, 108), (16, 109), (16, 110), (16, 111), (16, 112),
  (17, 113), (17, 114), (17, 115), (17, 116), (17, 117), (17, 118), (17, 119),
  (18, 120), (18, 121), (18, 122), (18, 123), (18, 124), (18, 125), (18, 126),
  (19, 127), (19, 128), (19, 129), (19, 130), (19, 131), (19, 132), (19, 133),
  (20, 134), (20, 135), (20, 136), (20, 137), (20, 138), (20, 139), (20, 140),
  (21, 141), (21, 142), (21, 143), (21, 144), (21, 145), (21, 146), (21, 147),
  (22, 148), (22, 149), (22, 150), (22, 151), (22, 152), (22, 153), (22, 154),
  (23, 155), (23, 156), (23, 157), (23, 158), (23, 159), (23, 160), (23, 161),
  (24, 162), (24, 163), (24, 164), (24, 165), (24, 166), (24, 167), (24, 168),
  (25, 169), (25, 170), (25, 171), (25, 172), (25, 173), (25, 174), (25, 175),
  (26, 176), (26, 177), (26, 178), (26, 179), (26, 180), (26, 181), (26, 182),
  (27, 183), (27, 184), (27, 185), (27, 186), (27, 187), (27, 188), (27, 189),
  (28, 190), (28, 191), (28, 192), (28, 193), (28, 194), (28, 195), (28, 196),
  (29, 197), (29, 198), (29, 199), (29, 200), (29, 201), (29, 202), (29, 203),
  (30, 204), (30, 205), (30, 206), (30, 207), (30, 208), (30, 209), (30, 210),
  (31, 211), (31, 212), (31, 213), (31, 214), (31, 215), (31, 216), (31, 217),
  (32, 218), (32, 219), (32, 220), (32, 221), (32, 222), (32, 223), (32, 224),
  (33, 225), (33, 226), (33, 227), (33, 228), (33, 229), (33, 230), (33, 231),
  (34, 232), (34, 233), (34, 234), (34, 235), (34, 236), (34, 237), (34, 238),
  (35, 239), (35, 240), (35, 241), (35, 242), (35, 243), (35, 244), (35, 245),
  (36, 246), (36, 247), (36, 248), (36, 249), (36, 250), (36, 251), (36, 252),
  (37, 253), (37, 254), (37, 255), (37, 256), (37, 257), (37, 258), (37, 259),
  (38, 260), (38, 261), (38, 262), (38, 263), (38, 264), (38, 265), (38, 266),
  (39, 267), (39, 268), (39, 269),(39, 270), (39, 271), (39, 272), (39, 273), 
  (40, 274), (40, 275), (40, 276),(40, 277), (40, 278), (40, 279), (40, 280);
  
INSERT INTO Cliente (persona_jur_codigo, persona_jur_RIF, persona_jur_razon_social, persona_jur_denominacion_comercial, persona_jur_capital_total, persona_jur_direccion_fiscal, persona_jur_direccion_principal, fk_lugar_1, fk_lugar_2)
VALUES
(1, 'J000005674', 'Corporación Venezolana de Minería', 'CVM',8000000000, 'Avenida Universidad  Edificio CVM  Piso 12 ', 'Avenida Universidad  Edificio CVM  Piso 12 ',360,360),
(2, 'J000006783', 'Minerales y Metales de Venezuela', 'Minemet',4000000000, 'Avenida Principal de La Candelaria  Edificio Minemet  Piso 5 ', 'Avenida Principal de La Candelaria  Edificio Minemet  Piso 5 ',361,361),
(3, 'J000007892', 'Empresa de Exploración y Explotación Minera', 'EMEX',2000000000, 'Calle F  Edificio EMEX  Piso 3 ', 'Calle F  Edificio EMEX  Piso 3 ',371,371),
(4, 'J000008901', 'Servicios Mineros de Venezuela ', 'SEMIVE',1500000000, 'Avenida Principal de San Bernardino  Edificio SEMIVE  Piso 2 ', 'Avenida Principal de San Bernardino  Edificio SEMIVE  Piso 2 ',379,379),
(5, 'J000009010', 'Minera Anzoátegui ', 'MINANZ',6000000000, 'Avenida Independencia  Edificio MINANZ  Piso 10 ', 'Avenida Independencia  Edificio MINANZ  Piso 10 ',416,416),
(6, 'J000010129', 'Empresa Minera del Caribe ', 'EMICAR',3500000000, 'Avenida Principal de El Tigre  Edificio EMICAR  Piso 5 ', 'Avenida Principal de El Tigre  Edificio EMICAR  Piso 5 ',419,419),
(7, 'J000011238', 'Servicios Mineros de Anzoátegui ', 'SEMANZ',2000000000, 'Calle Bolívar  Edificio SEMANZ  Piso 3 ', 'Calle Bolívar  Edificio SEMANZ  Piso 3 ',385,385),
(8, 'J000012347', 'Minerales de Anzoátegui', 'MINORI',1800000000, 'Avenida Principal de Cantaura  Edificio MINORI  Piso 2 ', 'Avenida Principal de Cantaura  Edificio MINORI  Piso 2 ',407,407),
(9, 'J000013456', 'Corporación Venezolana de Guayana', 'CVG',10000000000, 'Avenida Guayana  Edificio CVG  Piso 15 ', 'Avenida Guayana  Edificio CVG  Piso 15 ',572,572),
(10, 'J000014565', 'Minerales de Guayana ', 'MINGUA',5000000000, 'Avenida Principal de Puerto Ordaz  Edificio MINGUA  Piso 8 ', 'Avenida Principal de Puerto Ordaz  Edificio MINGUA  Piso 8 ',568,568),
(11, 'J000015674', 'Empresa Minera del Orinoco ', 'EMORI',3000000000, 'Calle Libertad  Edificio EMORI  Piso 4 ', 'Calle Libertad  Edificio EMORI  Piso 4 ',585,585),
(12, 'J000016783', 'Servicios Mineros de la Gran Sabana ', 'SEMSAB',2500000000, 'Avenida Principal de Santa Elena de Uairén  Edificio SEMSAB  Piso 2 ', 'Avenida Principal de Santa Elena de Uairén  Edificio SEMSAB  Piso 2 ',608,608),
(13, 'J000017892', 'Minera Amazonas ', 'MINAMAZ',4000000000, 'Avenida Principal de Puerto Ayacucho  Edificio MINAMAZ  Piso 3 ', 'Avenida Principal de Puerto Ayacucho  Edificio MINAMAZ  Piso 3 ',1438,1438),
(14, 'J000018901', 'Empresa Minera del Río Negro ', 'EMIRNE',2800000000, 'Calle Libertad  Edificio EMIRNE  Piso 2 ', 'Calle Libertad  Edificio EMIRNE  Piso 2 ',1441,1441),
(15, 'J000019010', 'Servicios Mineros de la Selva ', 'SEMSEL',2200000000, 'Avenida Principal de Maroa  Edificio SEMSEL  Piso 1 ', 'Avenida Principal de Maroa  Edificio SEMSEL  Piso 1 ',1450,1450),
(16, 'J000020129', 'Minerales del Amazonas ', 'MINAMA',1900000000, 'Calle Bolívar  Edificio MINAMA  Piso 2 ', 'Calle Bolívar  Edificio MINAMA  Piso 2 ',1461,1461),
(17, 'J000017001', 'Minera Aragua ', 'MINARAGUA',3500000000, 'Avenida Principal de Maracay  Edificio MINARAGUA  Piso 5 ', 'Avenida Principal de Maracay  Edificio MINARAGUA  Piso 5 ',464,464),
(18, 'J000018110', 'Minerales del Centro ', 'MINCE',2900000000, 'Calle Libertad  Edificio MINCE  Piso 3 ', 'Calle Libertad  Edificio MINCE  Piso 3 ',485,485),
(19, 'J000019229', 'Servicios Mineros de Aragua ', 'SEMINARAGUA',2400000000, 'Avenida Principal de Turmero  Edificio SEMINARAGUA  Piso 2 ', 'Avenida Principal de Turmero  Edificio SEMINARAGUA  Piso 2 ',471,471),
(20, 'J000020338', 'Minerales de la Región ', 'MINREGIÓN',2100000000, 'Calle Bolívar  Edificio MINREGIÓN  Piso 1 ', 'Calle Bolívar  Edificio MINREGIÓN  Piso 1 ',508,508),
(21, 'J000021001', 'Minerales de la Montaña ', 'MINMONTAÑA',4200000000, 'Avenida Principal de Los Teques  Edificio MINMONTAÑA  Piso 4 ', 'Avenida Principal de Los Teques  Edificio MINMONTAÑA  Piso 4 ',941,941),
(22, 'J000022110', 'Servicios Mineros del Este ', 'SEMINESTE',3800000000, 'Calle Libertad  Edificio SEMINESTE  Piso 2 ', 'Calle Libertad  Edificio SEMINESTE  Piso 2 ',962,962),
(23, 'J000023229', 'Minera Miranda ', 'MINMIRANDA',3300000000, 'Avenida Principal de Caucagua  Edificio MINMIRANDA  Piso 3 ', 'Avenida Principal de Caucagua  Edificio MINMIRANDA  Piso 3 ',932,932),
(24, 'J000024338', 'Exploraciones Mineras de la Costa ', 'EXMINCOSTA',2800000000, 'Calle Bolívar  Edificio EXMINCOSTA  Piso 1 ', 'Calle Bolívar  Edificio EXMINCOSTA  Piso 1 ',947,947),
(25, 'J000025001', 'Minerales del Centro Occidente ', 'MINCENOCO',4500000000, 'Avenida Principal de Valencia  Edificio MINCENOCO  Piso 5 ', 'Avenida Principal de Valencia  Edificio MINCENOCO  Piso 5 ',637,637),
(26, 'J000026110', 'Servicios Mineros de Carabobo ', 'SEMINCARABOBO',4000000000, 'Calle Libertad  Edificio SEMINCARABOBO  Piso 3 ', 'Calle Libertad  Edificio SEMINCARABOBO  Piso 3 ',646,646),
(27, 'J000027229', 'Minera Carabobo ', 'MINCARABOBO',3600000000, 'Avenida Principal de Puerto Cabello  Edificio MINCARABOBO  Piso 2 ', 'Avenida Principal de Puerto Cabello  Edificio MINCARABOBO  Piso 2 ',628,628),
(28, 'J000028338', 'Exploraciones Mineras del Norte y Este', 'EXMINNORTESA',3200000000, 'Calle Bolívar  Edificio EXMINNORTE  Piso 1 ', 'Calle Bolívar  Edificio EXMINNORTE  Piso 1 ',612,612),
(29, 'J000029001', 'Minerales del Orinoco ', 'MINORINOCO',4200000000, 'Avenida Principal de San Fernando de Apure  Edificio MINORINOCO  Piso 3 ', 'Avenida Principal de San Fernando de Apure  Edificio MINORINOCO  Piso 3 ',458,458),
(30, 'J000030110', 'Exploraciones Mineras del Sur ', 'EXMINSUR',3900000000, 'Calle Bolívar  Edificio EXMINSUR  Piso 2 ', 'Calle Bolívar  Edificio EXMINSUR  Piso 2 ',462,462),
(31, 'J000031229', 'Minera Apureña ', 'MINAPUREÑA',3500000000, 'Avenida Principal de Achaguas  Edificio MINAPUREÑA  Piso 1 ', 'Avenida Principal de Achaguas  Edificio MINAPUREÑA  Piso 1 ',437,437),
(32, 'J000032338', 'Servicios Mineros del Río ', 'SEMINRIO',3200000000, 'Calle Libertad  Edificio SEMINRIO  Piso 4 ', 'Calle Libertad  Edificio SEMINRIO  Piso 4 ',448,448),
(33, 'J000032001', 'Minerales de la Andina ', 'MINANDINA',4500000000, 'Avenida Principal de Barinas  Edificio MINANDINA  Piso 5 ', 'Avenida Principal de Barinas  Edificio MINANDINA  Piso 5 ',518,518),
(34, 'J000033110', 'Exploraciones Mineras del Norte ', 'EXMINNORTE',4000000000, 'Calle Bolívar  Edificio EXMINNORTE  Piso 3 ', 'Calle Bolívar  Edificio EXMINNORTE  Piso 3 ',540,540),
(35, 'J000034229', 'Minera Barinense ', 'MINBARINENSE',3800000000, 'Avenida Principal de Socopó  Edificio MINBARINENSE  Piso 2 ', 'Avenida Principal de Socopó  Edificio MINBARINENSE  Piso 2 ',545,545),
(36, 'J000035338', 'Servicios Mineros del Sur ', 'SEMINSUR',3600000000, 'Calle Libertad  Edificio SEMINSUR  Piso 4 ', 'Calle Libertad  Edificio SEMINSUR  Piso 4 ',543,543),
(37, 'J000036001', 'Minerales del Lago ', 'MINLAGO',5000000000, 'Avenida Universidad  Edificio MINLAGO  Piso 6 ', 'Avenida Universidad  Edificio MINLAGO  Piso 6 ',1359,1359),
(38, 'J000037110', 'Exploraciones Mineras del Norte de Zulia ', 'EXMINNZULIA',4200000000, 'Calle 5 de Julio  Edificio EXMINNZULIA  Piso 3 ', 'Calle 5 de Julio  Edificio EXMINNZULIA  Piso 3 ',1407,1407),
(39, 'J000038229', 'Minera Zuliana ', 'MINZULIANA',3900000000, 'Avenida Principal de Santa Rita  Edificio MINZULIANA  Piso 2 ', 'Avenida Principal de Santa Rita  Edificio MINZULIANA  Piso 2 ',1338,1338),
(40, 'J000039338', 'Servicios Mineros del Sur de Zulia ', 'SEMINSZULIA',3700000000, 'Calle Libertad  Edificio SEMINSZULIA  Piso 4 ', 'Calle Libertad  Edificio SEMINSZULIA  Piso 4 ',1404,1404),
(41, 'J000040001', 'Minerales de Yaracuy ', 'MINYARACUY',4800000000, 'Avenida Bolívar  Edificio MINYARACUY  Piso 5 ', 'Avenida Bolívar  Edificio MINYARACUY  Piso 5 ',1316,1316),
(42, 'J000041110', 'Exploraciones Mineras del Centro ', 'EXMINCENTRO',4500000000, 'Calle Independencia  Edificio EXMINCENTRO  Piso 3 ', 'Calle Independencia  Edificio EXMINCENTRO  Piso 3 ',1313,1313),
(43, 'J000042229', 'Minera Yaracuyana ', 'MINYARACUYANA',4300000000, 'Avenida Principal de Yaritagua  Edificio MINYARACUYANA  Piso 2 ', 'Avenida Principal de Yaritagua  Edificio MINYARACUYANA  Piso 2 ',1321,1321),
(44, 'J000043338', 'Servicios Mineros del Norte de Yaracuy ', 'SEMINSNORYARACUY',4100000000, 'Calle Libertad  Edificio SEMINSNORYARACUY  Piso 4 ', 'Calle Libertad  Edificio SEMINSNORYARACUY  Piso 4 ',1329,1329),
(45, 'J000044001', 'Minerales de Cojedes ', 'MINCOJEDES',5200000000, 'Avenida Principal de Tinaquillo  Edificio MINCOJEDES  Piso 5 ', 'Avenida Principal de Tinaquillo  Edificio MINCOJEDES  Piso 5 ',661,661),
(46, 'J000045110', 'Exploraciones Mineras del Sur de Cojedes ', 'EXMINSURCOJEDES',4900000000, 'Calle Independencia  Edificio EXMINSURCOJEDES  Piso 3 ', 'Calle Independencia  Edificio EXMINSURCOJEDES  Piso 3 ',664,664),
(47, 'J000046229', 'Minera Cojedense ', 'MINCOJEDENSE',4700000000, 'Avenida Bolívar  Edificio MINCOJEDENSE  Piso 2 ', 'Avenida Bolívar  Edificio MINCOJEDENSE  Piso 2 ',658,658),
(48, 'J000047338', 'Servicios Mineros del Norte de Cojedes ', 'SEMINSNORCOJEDES',4600000000, 'Calle Libertad  Edificio SEMINSNORCOJEDES  Piso 4 ', 'Calle Libertad  Edificio SEMINSNORCOJEDES  Piso 4 ',650,650),
(49, 'J000048001', 'Minerales del Falcón ', 'MINFALCON',5500000000, 'Avenida Universidad  Edificio MINFALCON  Piso 5 ', 'Avenida Universidad  Edificio MINFALCON  Piso 5 ',683,683),
(50, 'J000049110', 'Exploraciones Mineras de la Costa y el Norte', 'EXMINCOSTASA',5000000000, 'Calle Independencia  Edificio EXMINCOSTA  Piso 3 ', 'Calle Independencia  Edificio EXMINCOSTA  Piso 3 ',679,679),
(51, 'J000050229', 'Minera Falcóniana ', 'MINFALCONIANA',4800000000, 'Avenida Bolívar  Edificio MINFALCONIANA  Piso 2 ', 'Avenida Bolívar  Edificio MINFALCONIANA  Piso 2 ',721,721),
(52, 'J000051338', 'Servicios Mineros del Sur de Falcón ', 'SEMINSURFALCON',4500000000, 'Calle Libertad  Edificio SEMINSURFALCON  Piso 4 ', 'Calle Libertad  Edificio SEMINSURFALCON  Piso 4 ',706,706),
(53, 'J000052001', 'Minerales del Llano ', 'MINLLANO',5800000000, 'Avenida Principal de San Juan de los Morros  Edificio MINLLANO  Piso 5 ', 'Avenida Principal de San Juan de los Morros  Edificio MINLLANO  Piso 5 ',779,779),
(54, 'J000053110', 'Exploraciones Mineras del Orinoco ', 'EXMINORINOCO',5200000000, 'Calle Independencia  Edificio EXMINORINOCO  Piso 3 ', 'Calle Independencia  Edificio EXMINORINOCO  Piso 3 ',778,778),
(55, 'J000054229', 'Minera Guáricoa ', 'MINGUARICOA',4900000000, 'Avenida Bolívar  Edificio MINGUARICOA  Piso 2 ', 'Avenida Bolívar  Edificio MINGUARICOA  Piso 2 ',754,754),
(56, 'J000055338', 'Servicios Mineros del Centro ', 'SEMINSCEGUARICO',4600000000, 'Calle Libertad  Edificio SEMINSCEGUARICO  Piso 4 ', 'Calle Libertad  Edificio SEMINSCEGUARICO  Piso 4 ',756,756),
(57, 'J000056001', 'Minerales de Lara ', 'MINLARA',6000000000, 'Avenida Universidad  Edificio MINLARA  Piso 5 ', 'Avenida Universidad  Edificio MINLARA  Piso 5 ',794,794),
(58, 'J000057110', 'Exploraciones Mineras del Centro Occidente ', 'EXMINCENOCO',5500000000, 'Calle Independencia  Edificio EXMINCENOCO  Piso 3 ', 'Calle Independencia  Edificio EXMINCENOCO  Piso 3 ',815,815),
(59, 'J000058229', 'Minera Lara Andes ', 'MINLARANDES',5000000000, 'Avenida Bolívar  Edificio MINLARANDES  Piso 2 ', 'Avenida Bolívar  Edificio MINLARANDES  Piso 2 ',801,801),
(60, 'J000059338', 'Servicios Mineros del Norte ', 'SEMINSNORTE',4800000000, 'Calle Libertad  Edificio SEMINSNORTE  Piso 4 ', 'Calle Libertad  Edificio SEMINSNORTE  Piso 4 ',820,820),
(61, 'J000060001', 'Minerales de los Andes ', 'MINANDES',7000000000, 'Avenida Universidad  Edificio MINANDES  Piso 5 ', 'Avenida Universidad  Edificio MINANDES  Piso 5 ',876,876),
(62, 'J000061110', 'Exploraciones Mineras de la Sierra ', 'EXMINSIERRA',6200000000, 'Calle Independencia  Edificio EXMINSIERRA  Piso 3 ', 'Calle Independencia  Edificio EXMINSIERRA  Piso 3 ',862,862),
(63, 'J000062229', 'Minera Mérida Occidente ', 'MINMERIDOCC',5800000000, 'Avenida Bolívar  Edificio MINMERIDOCC  Piso 2 ', 'Avenida Bolívar  Edificio MINMERIDOCC  Piso 2 ',919,919),
(64, 'J000063338', 'Servicios Mineros de la Montaña ', 'SEMINSMON',5400000000, 'Calle Libertad  Edificio SEMINSMON  Piso 4 ', 'Calle Libertad  Edificio SEMINSMON  Piso 4 ',930,930),
(65, 'J000064001', 'Minerales de Portuguesa ', 'MINPOR',6500000000, 'Avenida Libertador  Edificio MINPOR  Piso 5 ', 'Avenida Libertador  Edificio MINPOR  Piso 5 ',1057,1057),
(66, 'J000065110', 'Exploraciones Mineras del Llano ', 'EXMINLLANO',5900000000, 'Calle Independencia  Edificio EXMINLLANO  Piso 3 ', 'Calle Independencia  Edificio EXMINLLANO  Piso 3 ',1068,1068),
(67, 'J000066229', 'Minera Portuguesa del Norte ', 'MINPORNORTE',5600000000, 'Avenida Bolívar  Edificio MINPORNORTE  Piso 2 ', 'Avenida Bolívar  Edificio MINPORNORTE  Piso 2 ',1053,1053),
(68, 'J000067338', 'Servicios Mineros de la Región ', 'SEMINSREGION',5300000000, 'Calle Libertad  Edificio SEMINSREGION  Piso 4 ', 'Calle Libertad  Edificio SEMINSREGION  Piso 4 ',1065,1065),
(69, 'J000068001', 'Minerales Insulares ', 'MININSULAR',7200000000, 'Avenida 31 de Julio  Edificio MININSULAR  Piso 5 ', 'Avenida 31 de Julio  Edificio MININSULAR  Piso 5 ',1043,1043),
(70, 'J000069110', 'Exploraciones Mineras del Mar ', 'EXMINMAR',6800000000, 'Calle Libertad  Edificio EXMINMAR  Piso 3 ', 'Calle Libertad  Edificio EXMINMAR  Piso 3 ',1039,1039),
(71, 'J000070229', 'Minera Nueva Esparta ', 'MINNUEVAESPARTA',6400000000, 'Avenida Bolívar  Edificio MINNUEVAESPARTA  Piso 2 ', 'Avenida Bolívar  Edificio MINNUEVAESPARTA  Piso 2 ',1041,1041),
(72, 'J000071338', 'Servicios Mineros Insulares ', 'SEMINSINSULAR',6000000000, 'Calle Independencia  Edificio SEMINSINSULAR  Piso 4 ', 'Calle Independencia  Edificio SEMINSINSULAR  Piso 4 ',1036,1036),
(73, 'J000072001', 'Minerales del Orinoco y el Este', 'MINORINOCOSA',8500000000, 'Avenida Libertador  Edificio MINORINOCO  Piso 5 ', 'Avenida Libertador  Edificio MINORINOCO  Piso 5 ',1009,1009),
(74, 'J000073110', 'Exploraciones Mineras del Este ', 'EXMINORIENTE',7800000000, 'Calle Independencia  Edificio EXMINORIENTE  Piso 3 ', 'Calle Independencia  Edificio EXMINORIENTE  Piso 3 ',1016,1016),
(75, 'J000074229', 'Minera Monagas ', 'MINMONAGAS',7200000000, 'Avenida Bolívar  Edificio MINMONAGAS  Piso 2 ', 'Avenida Bolívar  Edificio MINMONAGAS  Piso 2 ',1020,1020),
(76, 'J000075338', 'Servicios Mineros del Orinoco ', 'SEMINSORINOCO',6900000000, 'Calle Libertad  Edificio SEMINSORINOCO  Piso 4 ', 'Calle Libertad  Edificio SEMINSORINOCO  Piso 4 ',1002,1002),
(77, 'J000076001', 'Minerales Andinos ', 'MINANDINOS',9000000000, 'Avenida 5 de Julio  Edificio MINANDINOS  Piso 5 ', 'Avenida 5 de Julio  Edificio MINANDINOS  Piso 5 ',1244,1244),
(78, 'J000077110', 'Exploraciones Mineras de la Montaña ', 'EXMINMONTAÑA',8200000000, 'Calle Independencia  Edificio EXMINMONTAÑA  Piso 3 ', 'Calle Independencia  Edificio EXMINMONTAÑA  Piso 3 ',1221,1221),
(79, 'J000078229', 'Minera Trujillo ', 'MINTRUJILLO',7500000000, 'Avenida Bolívar  Edificio MINTRUJILLO  Piso 2 ', 'Avenida Bolívar  Edificio MINTRUJILLO  Piso 2 ',1258,1258),
(80, 'J000079338', 'Servicios Mineros de la Región y de la Costa', 'SEMINSREGIONSA',7000000000, 'Calle Libertad  Edificio SEMINSREGION  Piso 4 ', 'Calle Libertad  Edificio SEMINSREGION  Piso 4 ',1245,1245),
(81, 'J000080001', 'Minerales del Sur ', 'MINSUR',10000000000, 'Avenida Libertador  Edificio MINSUR  Piso 5 ', 'Avenida Libertador  Edificio MINSUR  Piso 5 ',1173,1173),
(82, 'J000081110', 'Exploraciones Mineras de los Andes ', 'EXMINANDES',9500000000, 'Calle Independencia  Edificio EXMINANDES  Piso 3 ', 'Calle Independencia  Edificio EXMINANDES  Piso 3 ',1199,1199),
(83, 'J000082229', 'Minera Táchira ', 'MINTACHIRA',8800000000, 'Avenida Bolívar  Edificio MINTACHIRA  Piso 2 ', 'Avenida Bolívar  Edificio MINTACHIRA  Piso 2 ',1162,1162),
(84, 'J000083338', 'Servicios Mineros del Sur y del Norte', 'SEMINSURSA',8200000000, 'Calle Libertad  Edificio SEMINSUR  Piso 4 ', 'Calle Libertad  Edificio SEMINSUR  Piso 4 ',1179,1179),
(85, 'J000084001', 'Minerales del Caribe ', 'MINCARIBE',12000000000, 'Avenida Universidad  Edificio MINCARIBE  Piso 5 ', 'Avenida Universidad  Edificio MINCARIBE  Piso 5 ',1132,1132),
(86, 'J000085110', 'Exploraciones Mineras de la Costa y del Este', 'EXMINCOSTAS',10500000000, 'Calle Independencia  Edificio EXMINCOSTA  Piso 3 ', 'Calle Independencia  Edificio EXMINCOSTA  Piso 3 ',1107,1107),
(87, 'J000086229', 'Minera Sucre ', 'MINSUCRE',9000000000, 'Avenida Bolívar  Edificio MINSUCRE  Piso 2 ', 'Avenida Bolívar  Edificio MINSUCRE  Piso 2 ',1119,1119),
(88, 'J000087338', 'Servicios Mineros del Oriente ', 'SEMINSORI',8500000000, 'Calle Libertad  Edificio SEMINSORI  Piso 4 ', 'Calle Libertad  Edificio SEMINSORI  Piso 4 ',1112,1112),
(89, 'J000088001', 'Minerales del Litoral ', 'MINLITORAL',11000000000, 'Avenida Principal  Edificio MINLITORAL  Piso 5 ', 'Avenida Principal  Edificio MINLITORAL  Piso 5 ',1486,1486),
(90, 'J000089110', 'Exploraciones Mineras de la Costa Norte ', 'EXMINCOSTANORTE',9800000000, 'Calle Independencia  Edificio EXMINCOSTANORTE  Piso 3 ', 'Calle Independencia  Edificio EXMINCOSTANORTE  Piso 3 ',1492,1492),
(91, 'J000090229', 'Minera Vargas ', 'MINVARGAS',8000000000, 'Avenida Bolívar  Edificio MINVARGAS  Piso 2 ', 'Avenida Bolívar  Edificio MINVARGAS  Piso 2 ',1489,1489),
(92, 'J000091338', 'Servicios Mineros del Avila ', 'SEMINSORIAVILA',7500000000, 'Calle Libertad  Edificio SEMINSORIAVILA  Piso 4 ', 'Calle Libertad  Edificio SEMINSORIAVILA  Piso 4 ',1493,1493),
(93, 'J000092001', 'Minerales del Orinoco SA', 'MINORINOCOS',12500000000, 'Avenida Principal  Edificio MINORINOCO  Piso 5 ', 'Avenida Principal  Edificio MINORINOCO  Piso 5 ',1471,1471),
(94, 'J000093110', 'Exploraciones Mineras del Delta ', 'EXMINDELTA',10200000000, 'Calle Independencia  Edificio EXMINDELTA  Piso 3 ', 'Calle Independencia  Edificio EXMINDELTA  Piso 3 ',1482,1482),
(95, 'J000094229', 'Minera Delta Amacuro ', 'MINDeltaA',9000000000, 'Avenida Bolívar  Edificio MINDeltaA  Piso 2 ', 'Avenida Bolívar  Edificio MINDeltaA  Piso 2 ',1474,1474),
(96, 'J000095338', 'Servicios Mineros del Caño ', 'SEMINSOCANO',8200000000, 'Calle Libertad  Edificio SEMINSOCANO  Piso 4 ', 'Calle Libertad  Edificio SEMINSOCANO  Piso 4 ',1481,1481),
(97, 'J000000009', 'Corporación Nacional de Desarrollo Mineral', 'MinerUCAB',13000000000, 'Avenida Principal  Edificio MINGUAJIRA  Piso 5 ', 'Avenida Principal  Edificio MINGUAJIRA  Piso 5 ',1479,1479);

INSERT INTO Aliado (persona_jur_codigo, persona_jur_RIF, persona_jur_razon_social, persona_jur_denominacion_comercial, persona_jur_capital_total, persona_jur_direccion_fiscal, persona_jur_direccion_principal, fk_lugar_1, fk_lugar_2)
VALUES
(1, 'J000005674', 'Corporación Venezolana de Minería', 'CVM',8000000000, 'Avenida Universidad  Edificio CVM  Piso 12 ', 'Avenida Universidad  Edificio CVM  Piso 12 ',360,360),
(2, 'J000006783', 'Minerales y Metales de Venezuela', 'Minemet',4000000000, 'Avenida Principal de La Candelaria  Edificio Minemet  Piso 5 ', 'Avenida Principal de La Candelaria  Edificio Minemet  Piso 5 ',361,361),
(3, 'J000009010', 'Minera Anzoátegui ', 'MINANZ',6000000000, 'Avenida Independencia  Edificio MINANZ  Piso 10 ', 'Avenida Independencia  Edificio MINANZ  Piso 10 ',416,416),
(4, 'J000010129', 'Empresa Minera del Caribe ', 'EMICAR',3500000000, 'Avenida Principal de El Tigre  Edificio EMICAR  Piso 5 ', 'Avenida Principal de El Tigre  Edificio EMICAR  Piso 5 ',419,419),
(5, 'J000013456', 'Corporación Venezolana de Guayana', 'CVG',10000000000, 'Avenida Guayana  Edificio CVG  Piso 15 ', 'Avenida Guayana  Edificio CVG  Piso 15 ',572,572),
(6, 'J000014565', 'Minerales de Guayana ', 'MINGUA',5000000000, 'Avenida Principal de Puerto Ordaz  Edificio MINGUA  Piso 8 ', 'Avenida Principal de Puerto Ordaz  Edificio MINGUA  Piso 8 ',568,568),
(7, 'J000017892', 'Minera Amazonas ', 'MINAMAZ',4000000000, 'Avenida Principal de Puerto Ayacucho  Edificio MINAMAZ  Piso 3 ', 'Avenida Principal de Puerto Ayacucho  Edificio MINAMAZ  Piso 3 ',1438,1438),
(8, 'J000018901', 'Empresa Minera del Río Negro ', 'EMIRNE',2800000000, 'Calle Libertad  Edificio EMIRNE  Piso 2 ', 'Calle Libertad  Edificio EMIRNE  Piso 2 ',1441,1441),
(9, 'J000017001', 'Minera Aragua ', 'MINARAGUA',3500000000, 'Avenida Principal de Maracay  Edificio MINARAGUA  Piso 5 ', 'Avenida Principal de Maracay  Edificio MINARAGUA  Piso 5 ',464,464),
(10, 'J000018110', 'Minerales del Centro ', 'MINCE',2900000000, 'Calle Libertad  Edificio MINCE  Piso 3 ', 'Calle Libertad  Edificio MINCE  Piso 3 ',485,485),
(11, 'J000021001', 'Minerales de la Montaña ', 'MINMONTAÑA',4200000000, 'Avenida Principal de Los Teques  Edificio MINMONTAÑA  Piso 4 ', 'Avenida Principal de Los Teques  Edificio MINMONTAÑA  Piso 4 ',941,941),
(12, 'J000022110', 'Servicios Mineros del Este ', 'SEMINESTE',3800000000, 'Calle Libertad  Edificio SEMINESTE  Piso 2 ', 'Calle Libertad  Edificio SEMINESTE  Piso 2 ',962,962),
(13, 'J000025001', 'Minerales del Centro Occidente ', 'MINCENOCO',4500000000, 'Avenida Principal de Valencia  Edificio MINCENOCO  Piso 5 ', 'Avenida Principal de Valencia  Edificio MINCENOCO  Piso 5 ',637,637),
(14, 'J000026110', 'Servicios Mineros de Carabobo ', 'SEMINCARABOBO',4000000000, 'Calle Libertad  Edificio SEMINCARABOBO  Piso 3 ', 'Calle Libertad  Edificio SEMINCARABOBO  Piso 3 ',646,646),
(15, 'J000029001', 'Minerales del Orinoco SA', 'MINORINOCOSA',4200000000, 'Avenida Principal de San Fernando de Apure  Edificio MINORINOCO  Piso 3 ', 'Avenida Principal de San Fernando de Apure  Edificio MINORINOCO  Piso 3 ',458,458),
(16, 'J000030110', 'Exploraciones Mineras del Sur ', 'EXMINSUR',3900000000, 'Calle Bolívar  Edificio EXMINSUR  Piso 2 ', 'Calle Bolívar  Edificio EXMINSUR  Piso 2 ',462,462),
(17, 'J000032001', 'Minerales de la Andina ', 'MINANDINA',4500000000, 'Avenida Principal de Barinas  Edificio MINANDINA  Piso 5 ', 'Avenida Principal de Barinas  Edificio MINANDINA  Piso 5 ',518,518),
(18, 'J000033110', 'Exploraciones Mineras del Norte ', 'EXMINNORTE',4000000000, 'Calle Bolívar  Edificio EXMINNORTE  Piso 3 ', 'Calle Bolívar  Edificio EXMINNORTE  Piso 3 ',540,540),
(19, 'J000036001', 'Minerales del Lago ', 'MINLAGO',5000000000, 'Avenida Universidad  Edificio MINLAGO  Piso 6 ', 'Avenida Universidad  Edificio MINLAGO  Piso 6 ',1359,1359),
(20, 'J000037110', 'Exploraciones Mineras del Norte de Zulia ', 'EXMINNZULIA',4200000000, 'Calle 5 de Julio  Edificio EXMINNZULIA  Piso 3 ', 'Calle 5 de Julio  Edificio EXMINNZULIA  Piso 3 ',1407,1407),
(21, 'J000040001', 'Minerales de Yaracuy ', 'MINYARACUY',4800000000, 'Avenida Bolívar  Edificio MINYARACUY  Piso 5 ', 'Avenida Bolívar  Edificio MINYARACUY  Piso 5 ',1316,1316),
(22, 'J000041110', 'Exploraciones Mineras del Centro ', 'EXMINCENTRO',4500000000, 'Calle Independencia  Edificio EXMINCENTRO  Piso 3 ', 'Calle Independencia  Edificio EXMINCENTRO  Piso 3 ',1313,1313),
(23, 'J000044001', 'Minerales de Cojedes ', 'MINCOJEDES',5200000000, 'Avenida Principal de Tinaquillo  Edificio MINCOJEDES  Piso 5 ', 'Avenida Principal de Tinaquillo  Edificio MINCOJEDES  Piso 5 ',661,661),
(24, 'J000045110', 'Exploraciones Mineras del Sur de Cojedes ', 'EXMINSURCOJEDES',4900000000, 'Calle Independencia  Edificio EXMINSURCOJEDES  Piso 3 ', 'Calle Independencia  Edificio EXMINSURCOJEDES  Piso 3 ',664,664),
(25, 'J000048001', 'Minerales del Falcón ', 'MINFALCON',5500000000, 'Avenida Universidad  Edificio MINFALCON  Piso 5 ', 'Avenida Universidad  Edificio MINFALCON  Piso 5 ',683,683),
(26, 'J000049110', 'Exploraciones Mineras de la Costa y del Norte', 'EXMINCOSTAN',5000000000, 'Calle Independencia  Edificio EXMINCOSTA  Piso 3 ', 'Calle Independencia  Edificio EXMINCOSTA  Piso 3 ',679,679),
(27, 'J000052001', 'Minerales del Llano ', 'MINLLANO',5800000000, 'Avenida Principal de San Juan de los Morros  Edificio MINLLANO  Piso 5 ', 'Avenida Principal de San Juan de los Morros  Edificio MINLLANO  Piso 5 ',779,779),
(28, 'J000053110', 'Exploraciones Mineras del Orinoco ', 'EXMINORINOCO',5200000000, 'Calle Independencia  Edificio EXMINORINOCO  Piso 3 ', 'Calle Independencia  Edificio EXMINORINOCO  Piso 3 ',778,778),
(29, 'J000056001', 'Minerales de Lara ', 'MINLARA',6000000000, 'Avenida Universidad  Edificio MINLARA  Piso 5 ', 'Avenida Universidad  Edificio MINLARA  Piso 5 ',794,794),
(30, 'J000057110', 'Exploraciones Mineras del Centro Occidente ', 'EXMINCENOCO',5500000000, 'Calle Independencia  Edificio EXMINCENOCO  Piso 3 ', 'Calle Independencia  Edificio EXMINCENOCO  Piso 3 ',815,815),
(31, 'J000060001', 'Minerales de los Andes ', 'MINANDES',7000000000, 'Avenida Universidad  Edificio MINANDES  Piso 5 ', 'Avenida Universidad  Edificio MINANDES  Piso 5 ',876,876),
(32, 'J000061110', 'Exploraciones Mineras de la Sierra ', 'EXMINSIERRA',6200000000, 'Calle Independencia  Edificio EXMINSIERRA  Piso 3 ', 'Calle Independencia  Edificio EXMINSIERRA  Piso 3 ',862,862),
(33, 'J000064001', 'Minerales de Portuguesa ', 'MINPOR',6500000000, 'Avenida Libertador  Edificio MINPOR  Piso 5 ', 'Avenida Libertador  Edificio MINPOR  Piso 5 ',1057,1057),
(34, 'J000065110', 'Exploraciones Mineras del Llano ', 'EXMINLLANO',5900000000, 'Calle Independencia  Edificio EXMINLLANO  Piso 3 ', 'Calle Independencia  Edificio EXMINLLANO  Piso 3 ',1068,1068),
(35, 'J000068001', 'Minerales Insulares ', 'MININSULAR',7200000000, 'Avenida 31 de Julio  Edificio MININSULAR  Piso 5 ', 'Avenida 31 de Julio  Edificio MININSULAR  Piso 5 ',1043,1043),
(36, 'J000069110', 'Exploraciones Mineras del Mar ', 'EXMINMAR',6800000000, 'Calle Libertad  Edificio EXMINMAR  Piso 3 ', 'Calle Libertad  Edificio EXMINMAR  Piso 3 ',1039,1039),
(37, 'J000072001', 'Minerales del Orinoco y del Sur', 'MINORINOCOS',8500000000, 'Avenida Libertador  Edificio MINORINOCO  Piso 5 ', 'Avenida Libertador  Edificio MINORINOCO  Piso 5 ',1009,1009),
(38, 'J000073110', 'Exploraciones Mineras del Este ', 'EXMINORIENTE',7800000000, 'Calle Independencia  Edificio EXMINORIENTE  Piso 3 ', 'Calle Independencia  Edificio EXMINORIENTE  Piso 3 ',1016,1016),
(39, 'J000076001', 'Minerales Andinos ', 'MINANDINOS',9000000000, 'Avenida 5 de Julio  Edificio MINANDINOS  Piso 5 ', 'Avenida 5 de Julio  Edificio MINANDINOS  Piso 5 ',1244,1244),
(40, 'J000077110', 'Exploraciones Mineras de la Montaña ', 'EXMINMONTAÑA',8200000000, 'Calle Independencia  Edificio EXMINMONTAÑA  Piso 3 ', 'Calle Independencia  Edificio EXMINMONTAÑA  Piso 3 ',1221,1221),
(41, 'J000080001', 'Minerales del Sur ', 'MINSUR',10000000000, 'Avenida Libertador  Edificio MINSUR  Piso 5 ', 'Avenida Libertador  Edificio MINSUR  Piso 5 ',1173,1173),
(42, 'J000081110', 'Exploraciones Mineras de los Andes ', 'EXMINANDES',9500000000, 'Calle Independencia  Edificio EXMINANDES  Piso 3 ', 'Calle Independencia  Edificio EXMINANDES  Piso 3 ',1199,1199),
(43, 'J000084001', 'Minerales del Caribe ', 'MINCARIBE',12000000000, 'Avenida Universidad  Edificio MINCARIBE  Piso 5 ', 'Avenida Universidad  Edificio MINCARIBE  Piso 5 ',1132,1132),
(44, 'J000085110', 'Exploraciones Mineras de la Costa ', 'EXMINCOSTA',10500000000, 'Calle Independencia  Edificio EXMINCOSTA  Piso 3 ', 'Calle Independencia  Edificio EXMINCOSTA  Piso 3 ',1107,1107),
(45, 'J000088001', 'Minerales del Litoral ', 'MINLITORAL',11000000000, 'Avenida Principal  Edificio MINLITORAL  Piso 5 ', 'Avenida Principal  Edificio MINLITORAL  Piso 5 ',1486,1486),
(46, 'J000089110', 'Exploraciones Mineras de la Costa Norte ', 'EXMINCOSTANORTE',9800000000, 'Calle Independencia  Edificio EXMINCOSTANORTE  Piso 3 ', 'Calle Independencia  Edificio EXMINCOSTANORTE  Piso 3 ',1492,1492),
(47, 'J000092001', 'Minerales del Orinoco ', 'MINORINOCO',12500000000, 'Avenida Principal  Edificio MINORINOCO  Piso 5 ', 'Avenida Principal  Edificio MINORINOCO  Piso 5 ',1471,1471),
(48, 'J000093110', 'Exploraciones Mineras del Delta ', 'EXMINDELTA',10200000000, 'Calle Independencia  Edificio EXMINDELTA  Piso 3 ', 'Calle Independencia  Edificio EXMINDELTA  Piso 3 ',1482,1482);

INSERT INTO Tipo_Recurso (tipo_recurso_codigo,tipo_recurso_nombre) VALUES
(1, 'Plataforma '),
(2, 'Trituradora '),
(3, 'Gradera '),
(4, 'Excavadora '),
(5, 'Taladro '),
(6, 'Tramo '),
(7, 'Molino '),
(8, 'Celda '),
(9, 'Pala '),
(10, 'Separadora '),
(11, 'Autobus '),
(12, 'Camion '),
(13, 'Automovil '),
(14, 'Caseta Movil '),
(15, 'Cargador '),
(16, 'Tractor '),
(17, 'Vehiculo Todo Terreno '),
(18, 'Vehiculo Utilitario '),
(19, 'Montacarga '),
(20, 'Minicargador '),
(21, 'Grua '),
(22, 'Planta '),
(23, 'Compresor '),
(25, 'Motocicleta '),
(26, 'Furgoneta ');
INSERT INTO Marca (marca_codigo, marca_nombre) VALUES
(1, 'Schlumberger '),
(2, 'Metso '),
(3, 'Caterpillar '),
(4, 'Komatsu '),
(5, 'Atlas Copco '),
(6, 'Sandvik '),
(7, 'Outotec '),
(8, 'FLSmidth '),
(9, 'Liebherr '),
(10, 'Eriez '),
(11, 'Mercedes Benz '),
(12, 'Ford '),
(13, 'Yamaha ');
INSERT INTO Modelo (modelo_codigo, fk_marca, modelo_nombre) VALUES
(1,1, 'Land Rig 1500 '),
(2,2, 'C80 '),
(3,3, '120 '),
(4,4, 'PC200 8 '),
(5,5, 'Cobra Combi '),
(6,6, 'CR320 '),
(7,7, 'GRINDING MILL 24 x 14 '),
(8,8, 'DORR OLIVER FLOTATION CELL 15 '),
(9,9, 'L 586'),
(10,10, 'MAGNETIC SEPARATOR 36 x 120 '),
(11,11, 'Citaro '),
(12,3, '730 '),
(13,12, 'F 150'),
(14,3, 'U104801 '),
(15,3, '953 '),
(16,3, 'D5 '),
(17,3, 'MST1500VD '),
(18,3, 'ANFO CHARGER AC11 '),
(19,3, 'DP70NM '),
(20,3, '232 '),
(21,3, '6015 '),
(22,3, '7295 '),
(23,3, 'C2 '),
(24,3, 'I44RV3 '),
(25,3, 'V80 '),
(26,3, 'M313 '),
(27,3, '312 '),
(28,3, 'Z60 '),
(29,3, '1230ES '),
(30,3, '1200SJP '),
(31,3, 'PK 5 001 '),
(32,3, 'HTC8640 SL '),
(33,3, '138HSL '),
(34,3, '1770 C '),
(35,3, 'TCC 500 '),
(36,3, 'RTC8050 '),
(37,3, 'AC100 4L '),
(38,3, 'HC 238H '),
(39,3, 'G3406 '),
(40,3, 'CG132B 08 '),
(41,3, 'CG170 20 '),
(42,3, '3512 '),
(43,3, 'SLR 1 5 '),
(44,3, 'ES6 '),
(45,11, 'Actros 1840 LS'),
(46,11, 'Antos 1824'),
(47,11, 'Arocs 1832'),
(48,13, 'Yamaha YZ450F'),
(49,13, 'Yamaha YZ250F'),
(50,13, 'Yamaha WR450F'),
(51,12, 'Ford Range'),
(52,12, 'Ford Ranger'),
(53,12, 'Ford Transit Connect 100'),
(54,12, 'Ford Contour SE'),
(55,12, 'Ford Escort LX'),
(56,12, 'Ford F 150 XL'),
(57,11, 'Unimog U400'),
(58,11, 'Arocs 2432'),
(59,11, 'Sprinter 211CDI'),
(60,11, 'Antos 2530');
INSERT INTO Recurso (recurso_codigo, recurso_nombre, recurso_numero_serie, fk_modelo_1, fk_modelo_2, fk_tipo_recurso) VALUES
(1, 'Plataforma de perforacion ', '1500 001 ',1,1,1),
(2, 'Trituradora de Mandíbula ', 'C80 001 ',2,2,2),
(3, 'Gradera de Ruedas ', '120 001 ',3,3,3),
(4, 'Excavadora de Brazo Largo ', 'PC200 8 001 ',4,4,4),
(5, 'Taladro de Percusión ', 'CobraCombi 001 ',5,5,5),
(6, 'Tramo de Carga ', 'CR320 002 ',6,6,6),
(7, 'Molino de Bolas ', 'GM24145 004 ',7,7,7),
(8, 'Celda de Flotación ', 'DO15 009 ',8,8,8),
(9, 'Pala de Carga ', 'L586 012 ',9,9,9),
(10, 'Separadora Magnéticas ', 'MS36120 013 ',10,10,10),
(11, 'Autobús Urbano ', '1341234567890 ',11,11,11),
(12, 'Camion Articulado ', '730 001 ',12,3,12),
(13, 'Automovil Camioneta ', '1FTFX1EG3JKL123456 ',13,12,13),
(14, 'Oficina Movil ', 'CAT001234567890 ',14,3,14),
(15, 'Cargador Frontal de Oruga ', 'CAT009876543210 ',15,3,15),
(16, 'Tractor de oruga ', 'CAT012345678901 ',16,3,16),
(17, 'Vehiculo Todo Terreno de oruga ', 'CAT00987654321 ',17,3,17),
(18, 'Vehiculo Utilitario Minero ', 'CAT00929847639 ',18,3,18),
(19, 'Montacargas de combustion ', 'CAT03957284758 ',19,3,19),
(20, 'Minicargador de rueda ', 'CAT03275772692 ',20,3,20),
(21, 'Pala Hidraulica ', 'CAT03284759275 ',21,3,9),
(22, 'Pala Eledtrica ', 'CAT06793146592 ',22,3,9),
(23, 'Trituradora de cono ', 'CAT06798293638 ',23,3,2),
(24, 'Trituradora Impactador Horizontal ', 'CAT06793176849 ',24,3,2),
(25, 'Trituradora Impactador Vertical ', 'CAT06793728658 ',25,3,2),
(26, 'Excavadora de rueda ', 'CAT06793789467 ',26,3,4),
(27, 'Excavadora Hidraulica ', 'CAT06773927539 ',27,3,4),
(28, 'Plataforma Articulada ', 'CAT06773992038 ',28,3,1),
(29, 'Plataforma de tijera ', 'CAT06773189865 ',29,3,1),
(30, 'Plataforma Telescopica ', 'CAT06754474756 ',30,3,1),
(31, 'Grua de Brazo Articulado Sobre camion ', 'CAT03284759279',31,3,21),
(32, 'Gruas Hidraulicas Sobre camion ', 'CAT06793146245',32,3,21),
(33, 'Gruas Pluma de Celosia ', 'CAT06798293638',33,3,21),
(34, 'Gruas de Pluma Montada Sobre Camion ', 'CAT06793176849',34,3,21),
(35, 'Gruas Telescopicas Sobre Orugas ', 'CAT06793728658',35,3,21),
(36, 'Gruas Terreno Dificil ', 'CAT06793789467',36,3,21),
(37, 'Gruas Todo Terreno ', 'CAT06773927539',37,3,21),
(38, 'Gruas Estructurales Sobre Camion ', 'CAT06773992038',38,3,21),
(39, 'Planta Electrica de Emergencia a Gas ', 'CAT06773109865',39,3,22),
(40, 'Planta de luz para energia Continua a Gas Natural ', 'CAT06750474756',40,3,22),
(41, 'Planta de luz para energia Continua a Biogas ', 'CAT06773089865',41,3,22),
(42, 'Planta de luz de respaldo a Diesel ', 'CAT06754074756 ',42,3,22),
(43, 'Compresor Estacionario libre de aceite ', 'CAT06770189860',43,3,23),
(44, 'Compresor Estacionario lubricado ', 'CAT06754004756',44,3,23),
(45, 'Camion de mediana carga ', 'MP4 963 041 ',45,11,12),
(46, 'Camion de baja carga ', '906 131 ',46,11,12),
(47, 'Camion rigido ', '936 211 ',47,11,12),
(48, 'Motocicleta alto cilindraje ', ' YZ450F 000001 ',48,13,25),
(49, 'Motocicleta medio cilindraje ', ' YZ250F 000001 ',49,13,25),
(50, 'Motociccleta bajo cilindraje ', 'WR450F 000001 ',50,13,25),
(51, 'Furgoneta Baja carga ', 'PK220001 ',51,12,26),
(52, 'Furgoneta Mediana Carga ', 'PK320001 ',52,12,26),
(53, 'Furgoneta Alta carga ', 'PV100001 ',53,12,26),
(54, 'Automovil Sedan ', '1FAFP45V ',54,12,13),
(55, 'Automovil Coupe ', '1FVLP45V ',55,12,13),
(56, 'Automovil Pickup ', '1FTDX45V ',56,12,13),
(57, 'Autobus articulado ', '437 1 ',57,11,11),
(58, 'Microbus ', '963 241 ',58,11,11),
(59, 'Minibus ', '906 611 ',59,11,11),
(60, 'Camion de alta carga ', '906 151 ',60,11,12);

INSERT INTO Inventario_Concesion_Recurso (fk_recurso, fk_aliado, inventario_concesion_recurso_usado)
VALUES
(1,1,False),
(2,1,True),
(3,1,False),
(4,1,True),
(5,1,False),
(6,1,True),
(7,1,False),
(8,1,True),
(9,1,False),
(10,1,True),
(11,1,False),
(12,1,True),
(13,1,False),
(14,1,True),
(15,1,False),
(16,1,True),
(17,1,False),
(18,1,True),
(19,1,False),
(20,1,True),
(21,1,False),
(22,1,True),
(23,1,False),
(24,1,True),
(25,1,False),
(26,1,True),
(27,1,False),
(28,1,True),
(29,1,False),
(30,1,True),
(31,1,False),
(32,1,True),
(33,1,False),
(34,1,True),
(35,1,False),
(36,1,True),
(37,1,False),
(38,1,True),
(39,1,False),
(40,1,True),
(41,1,False),
(42,1,True),
(43,1,False),
(44,1,True),
(45,1,False),
(46,1,True),
(47,1,False),
(48,1,True),
(49,1,False),
(50,1,True),
(51,1,False),
(52,1,True),
(53,1,False),
(54,1,True),
(55,1,False),
(56,1,True),
(57,1,False),
(58,1,True),
(59,1,False),
(60,1,True),
(1,2,False),
(2,2,True),
(3,2,False),
(4,2,True),
(5,2,False),
(6,2,True),
(7,2,False),
(8,2,True),
(9,2,False),
(10,2,True),
(11,2,False),
(12,2,True),
(13,2,False),
(14,2,True),
(15,2,False),
(16,2,True),
(17,2,False),
(18,2,True),
(19,2,False),
(20,2,True),
(21,2,False),
(22,2,True),
(23,2,False),
(24,2,True),
(25,2,False),
(26,2,True),
(27,2,False),
(28,2,True),
(29,2,False),
(30,2,True),
(31,2,False),
(32,2,True),
(33,2,False),
(34,2,True),
(35,2,False),
(36,2,True),
(37,2,False),
(38,2,True),
(39,2,False),
(40,2,True),
(41,2,False),
(42,2,True),
(43,2,False),
(44,2,True),
(45,2,False),
(46,2,True),
(47,2,False),
(48,2,True),
(49,2,False),
(50,2,True),
(51,2,False),
(52,2,True),
(53,2,False),
(54,2,True),
(55,2,False),
(56,2,True),
(57,2,False),
(58,2,True),
(59,2,False),
(60,2,True),
(1,3,False),
(2,3,True),
(3,3,False),
(4,3,True),
(5,3,False),
(6,3,True),
(7,3,False),
(8,3,True),
(9,3,False),
(10,3,True),
(11,3,False),
(12,3,True),
(13,3,False),
(14,3,True),
(15,3,False),
(16,3,True),
(17,3,False),
(18,3,True),
(19,3,False),
(20,3,True),
(21,3,False),
(22,3,True),
(23,3,False),
(24,3,True),
(25,3,False),
(26,3,True),
(27,3,False),
(28,3,True),
(29,3,False),
(30,3,True),
(31,3,False),
(32,3,True),
(33,3,False),
(34,3,True),
(35,3,False),
(36,3,True),
(37,3,False),
(38,3,True),
(39,3,False),
(40,3,True),
(41,3,False),
(42,3,True),
(43,3,False),
(44,3,True),
(45,3,False),
(46,3,True),
(47,3,False),
(48,3,True),
(49,3,False),
(50,3,True),
(51,3,False),
(52,3,True),
(53,3,False),
(54,3,True),
(55,3,False),
(56,3,True),
(57,3,False),
(58,3,True),
(59,3,False),
(60,3,True),
(1,4,False),
(2,4,True),
(3,4,False),
(4,4,True),
(5,4,False),
(6,4,True),
(7,4,False),
(8,4,True),
(9,4,False),
(10,4,True),
(11,4,False),
(12,4,True),
(13,4,False),
(14,4,True),
(15,4,False),
(16,4,True),
(17,4,False),
(18,4,True),
(19,4,False),
(20,4,True),
(21,4,False),
(22,4,True),
(23,4,False),
(24,4,True),
(25,4,False),
(26,4,True),
(27,4,False),
(28,4,True),
(29,4,False),
(30,4,True),
(31,4,False),
(32,4,True),
(33,4,False),
(34,4,True),
(35,4,False),
(36,4,True),
(37,4,False),
(38,4,True),
(39,4,False),
(40,4,True),
(41,4,False),
(42,4,True),
(43,4,False),
(44,4,True),
(45,4,False),
(46,4,True),
(47,4,False),
(48,4,True),
(49,4,False),
(50,4,True),
(51,4,False),
(52,4,True),
(53,4,False),
(54,4,True),
(55,4,False),
(56,4,True),
(57,4,False),
(58,4,True),
(59,4,False),
(60,4,True),
(1,5,False),
(2,5,True),
(3,5,False),
(4,5,True),
(5,5,False),
(6,5,True),
(7,5,False),
(8,5,True),
(9,5,False),
(10,5,True),
(11,5,False),
(12,5,True),
(13,5,False),
(14,5,True),
(15,5,False),
(16,5,True),
(17,5,False),
(18,5,True),
(19,5,False),
(20,5,True),
(21,5,False),
(22,5,True),
(23,5,False),
(24,5,True),
(25,5,False),
(26,5,True),
(27,5,False),
(28,5,True),
(29,5,False),
(30,5,True),
(31,5,False),
(32,5,True),
(33,5,False),
(34,5,True),
(35,5,False),
(36,5,True),
(37,5,False),
(38,5,True),
(39,5,False),
(40,5,True),
(41,5,False),
(42,5,True),
(43,5,False),
(44,5,True),
(45,5,False),
(46,5,True),
(47,5,False),
(48,5,True),
(49,5,False),
(50,5,True),
(51,5,False),
(52,5,True),
(53,5,False),
(54,5,True),
(55,5,False),
(56,5,True),
(57,5,False),
(58,5,True),
(59,5,False),
(60,5,True),
(1,6,False),
(2,6,True),
(3,6,False),
(4,6,True),
(5,6,False),
(6,6,True),
(7,6,False),
(8,6,True),
(9,6,False),
(10,6,True),
(11,6,False),
(12,6,True),
(13,6,False),
(14,6,True),
(15,6,False),
(16,6,True),
(17,6,False),
(18,6,True),
(19,6,False),
(20,6,True),
(21,6,False),
(22,6,True),
(23,6,False),
(24,6,True),
(25,6,False),
(26,6,True),
(27,6,False),
(28,6,True),
(29,6,False),
(30,6,True),
(31,6,False),
(32,6,True),
(33,6,False),
(34,6,True),
(35,6,False),
(36,6,True),
(37,6,False),
(38,6,True),
(39,6,False),
(40,6,True),
(41,6,False),
(42,6,True),
(43,6,False),
(44,6,True),
(45,6,False),
(46,6,True),
(47,6,False),
(48,6,True),
(49,6,False),
(50,6,True),
(51,6,False),
(52,6,True),
(53,6,False),
(54,6,True),
(55,6,False),
(56,6,True),
(57,6,False),
(58,6,True),
(59,6,False),
(60,6,True),
(1,7,False),
(2,7,True),
(3,7,False),
(4,7,True),
(5,7,False),
(6,7,True),
(7,7,False),
(8,7,True),
(9,7,False),
(10,7,True),
(11,7,False),
(12,7,True),
(13,7,False),
(14,7,True),
(15,7,False),
(16,7,True),
(17,7,False),
(18,7,True),
(19,7,False),
(20,7,True),
(21,7,False),
(22,7,True),
(23,7,False),
(24,7,True),
(25,7,False),
(26,7,True),
(27,7,False),
(28,7,True),
(29,7,False),
(30,7,True),
(31,7,False),
(32,7,True),
(33,7,False),
(34,7,True),
(35,7,False),
(36,7,True),
(37,7,False),
(38,7,True),
(39,7,False),
(40,7,True),
(41,7,False),
(42,7,True),
(43,7,False),
(44,7,True),
(45,7,False),
(46,7,True),
(47,7,False),
(48,7,True),
(49,7,False),
(50,7,True),
(51,7,False),
(52,7,True),
(53,7,False),
(54,7,True),
(55,7,False),
(56,7,True),
(57,7,False),
(58,7,True),
(59,7,False),
(60,7,True),
(1,8,False),
(2,8,True),
(3,8,False),
(4,8,True),
(5,8,False),
(6,8,True),
(7,8,False),
(8,8,True),
(9,8,False),
(10,8,True),
(11,8,False),
(12,8,True),
(13,8,False),
(14,8,True),
(15,8,False),
(16,8,True),
(17,8,False),
(18,8,True),
(19,8,False),
(20,8,True),
(21,8,False),
(22,8,True),
(23,8,False),
(24,8,True),
(25,8,False),
(26,8,True),
(27,8,False),
(28,8,True),
(29,8,False),
(30,8,True),
(31,8,False),
(32,8,True),
(33,8,False),
(34,8,True),
(35,8,False),
(36,8,True),
(37,8,False),
(38,8,True),
(39,8,False),
(40,8,True),
(41,8,False),
(42,8,True),
(43,8,False),
(44,8,True),
(45,8,False),
(46,8,True),
(47,8,False),
(48,8,True),
(49,8,False),
(50,8,True),
(51,8,False),
(52,8,True),
(53,8,False),
(54,8,True),
(55,8,False),
(56,8,True),
(57,8,False),
(58,8,True),
(59,8,False),
(60,8,True),
(1,9,False),
(2,9,True),
(3,9,False),
(4,9,True),
(5,9,False),
(6,9,True),
(7,9,False),
(8,9,True),
(9,9,False),
(10,9,True),
(11,9,False),
(12,9,True),
(13,9,False),
(14,9,True),
(15,9,False),
(16,9,True),
(17,9,False),
(18,9,True),
(19,9,False),
(20,9,True),
(21,9,False),
(22,9,True),
(23,9,False),
(24,9,True),
(25,9,False),
(26,9,True),
(27,9,False),
(28,9,True),
(29,9,False),
(30,9,True),
(31,9,False),
(32,9,True),
(33,9,False),
(34,9,True),
(35,9,False),
(36,9,True),
(37,9,False),
(38,9,True),
(39,9,False),
(40,9,True),
(41,9,False),
(42,9,True),
(43,9,False),
(44,9,True),
(45,9,False),
(46,9,True),
(47,9,False),
(48,9,True),
(49,9,False),
(50,9,True),
(51,9,False),
(52,9,True),
(53,9,False),
(54,9,True),
(55,9,False),
(56,9,True),
(57,9,False),
(58,9,True),
(59,9,False),
(60,9,True),
(1,10,False),
(2,10,True),
(3,10,False),
(4,10,True),
(5,10,False),
(6,10,True),
(7,10,False),
(8,10,True),
(9,10,False),
(10,10,True),
(11,10,False),
(12,10,True),
(13,10,False),
(14,10,True),
(15,10,False),
(16,10,True),
(17,10,False),
(18,10,True),
(19,10,False),
(20,10,True),
(21,10,False),
(22,10,True),
(23,10,False),
(24,10,True),
(25,10,False),
(26,10,True),
(27,10,False),
(28,10,True),
(29,10,False),
(30,10,True),
(31,10,False),
(32,10,True),
(33,10,False),
(34,10,True),
(35,10,False),
(36,10,True),
(37,10,False),
(38,10,True),
(39,10,False),
(40,10,True),
(41,10,False),
(42,10,True),
(43,10,False),
(44,10,True),
(45,10,False),
(46,10,True),
(47,10,False),
(48,10,True),
(49,10,False),
(50,10,True),
(51,10,False),
(52,10,True),
(53,10,False),
(54,10,True),
(55,10,False),
(56,10,True),
(57,10,False),
(58,10,True),
(59,10,False),
(60,10,True),
(1,11,False),
(2,11,True),
(3,11,False),
(4,11,True),
(5,11,False),
(6,11,True),
(7,11,False),
(8,11,True),
(9,11,False),
(10,11,True),
(11,11,False),
(12,11,True),
(13,11,False),
(14,11,True),
(15,11,False),
(16,11,True),
(17,11,False),
(18,11,True),
(19,11,False),
(20,11,True),
(21,11,False),
(22,11,True),
(23,11,False),
(24,11,True),
(25,11,False),
(26,11,True),
(27,11,False),
(28,11,True),
(29,11,False),
(30,11,True),
(31,11,False),
(32,11,True),
(33,11,False),
(34,11,True),
(35,11,False),
(36,11,True),
(37,11,False),
(38,11,True),
(39,11,False),
(40,11,True),
(41,11,False),
(42,11,True),
(43,11,False),
(44,11,True),
(45,11,False),
(46,11,True),
(47,11,False),
(48,11,True),
(49,11,False),
(50,11,True),
(51,11,False),
(52,11,True),
(53,11,False),
(54,11,True),
(55,11,False),
(56,11,True),
(57,11,False),
(58,11,True),
(59,11,False),
(60,11,True),
(1,12,False),
(2,12,True),
(3,12,False),
(4,12,True),
(5,12,False),
(6,12,True),
(7,12,False),
(8,12,True),
(9,12,False),
(10,12,True),
(11,12,False),
(12,12,True),
(13,12,False),
(14,12,True),
(15,12,False),
(16,12,True),
(17,12,False),
(18,12,True),
(19,12,False),
(20,12,True),
(21,12,False),
(22,12,True),
(23,12,False),
(24,12,True),
(25,12,False),
(26,12,True),
(27,12,False),
(28,12,True),
(29,12,False),
(30,12,True),
(31,12,False),
(32,12,True),
(33,12,False),
(34,12,True),
(35,12,False),
(36,12,True),
(37,12,False),
(38,12,True),
(39,12,False),
(40,12,True),
(41,12,False),
(42,12,True),
(43,12,False),
(44,12,True),
(45,12,False),
(46,12,True),
(47,12,False),
(48,12,True),
(49,12,False),
(50,12,True),
(51,12,False),
(52,12,True),
(53,12,False),
(54,12,True),
(55,12,False),
(56,12,True),
(57,12,False),
(58,12,True),
(59,12,False),
(60,12,True),
(1,13,False),
(2,13,True),
(3,13,False),
(4,13,True),
(5,13,False),
(6,13,True),
(7,13,False),
(8,13,True),
(9,13,False),
(10,13,True),
(11,13,False),
(12,13,True),
(13,13,False),
(14,13,True),
(15,13,False),
(16,13,True),
(17,13,False),
(18,13,True),
(19,13,False),
(20,13,True),
(21,13,False),
(22,13,True),
(23,13,False),
(24,13,True),
(25,13,False),
(26,13,True),
(27,13,False),
(28,13,True),
(29,13,False),
(30,13,True),
(31,13,False),
(32,13,True),
(33,13,False),
(34,13,True),
(35,13,False),
(36,13,True),
(37,13,False),
(38,13,True),
(39,13,False),
(40,13,True),
(41,13,False),
(42,13,True),
(43,13,False),
(44,13,True),
(45,13,False),
(46,13,True),
(47,13,False),
(48,13,True),
(49,13,False),
(50,13,True),
(51,13,False),
(52,13,True),
(53,13,False),
(54,13,True),
(55,13,False),
(56,13,True),
(57,13,False),
(58,13,True),
(59,13,False),
(60,13,True),
(1,14,False),
(2,14,True),
(3,14,False),
(4,14,True),
(5,14,False),
(6,14,True),
(7,14,False),
(8,14,True),
(9,14,False),
(10,14,True),
(11,14,False),
(12,14,True),
(13,14,False),
(14,14,True),
(15,14,False),
(16,14,True),
(17,14,False),
(18,14,True),
(19,14,False),
(20,14,True),
(21,14,False),
(22,14,True),
(23,14,False),
(24,14,True),
(25,14,False),
(26,14,True),
(27,14,False),
(28,14,True),
(29,14,False),
(30,14,True),
(31,14,False),
(32,14,True),
(33,14,False),
(34,14,True),
(35,14,False),
(36,14,True),
(37,14,False),
(38,14,True),
(39,14,False),
(40,14,True),
(41,14,False),
(42,14,True),
(43,14,False),
(44,14,True),
(45,14,False),
(46,14,True),
(47,14,False),
(48,14,True),
(49,14,False),
(50,14,True),
(51,14,False),
(52,14,True),
(53,14,False),
(54,14,True),
(55,14,False),
(56,14,True),
(57,14,False),
(58,14,True),
(59,14,False),
(60,14,True),
(1,15,False),
(2,15,True),
(3,15,False),
(4,15,True),
(5,15,False),
(6,15,True),
(7,15,False),
(8,15,True),
(9,15,False),
(10,15,True),
(11,15,False),
(12,15,True),
(13,15,False),
(14,15,True),
(15,15,False),
(16,15,True),
(17,15,False),
(18,15,True),
(19,15,False),
(20,15,True),
(21,15,False),
(22,15,True),
(23,15,False),
(24,15,True),
(25,15,False),
(26,15,True),
(27,15,False),
(28,15,True),
(29,15,False),
(30,15,True),
(31,15,False),
(32,15,True),
(33,15,False),
(34,15,True),
(35,15,False),
(36,15,True),
(37,15,False),
(38,15,True),
(39,15,False),
(40,15,True),
(41,15,False),
(42,15,True),
(43,15,False),
(44,15,True),
(45,15,False),
(46,15,True),
(47,15,False),
(48,15,True),
(49,15,False),
(50,15,True),
(51,15,False),
(52,15,True),
(53,15,False),
(54,15,True),
(55,15,False),
(56,15,True),
(57,15,False),
(58,15,True),
(59,15,False),
(60,15,True),
(1,16,False),
(2,16,True),
(3,16,False),
(4,16,True),
(5,16,False),
(6,16,True),
(7,16,False),
(8,16,True),
(9,16,False),
(10,16,True),
(11,16,False),
(12,16,True),
(13,16,False),
(14,16,True),
(15,16,False),
(16,16,True),
(17,16,False),
(18,16,True),
(19,16,False),
(20,16,True),
(21,16,False),
(22,16,True),
(23,16,False),
(24,16,True),
(25,16,False),
(26,16,True),
(27,16,False),
(28,16,True),
(29,16,False),
(30,16,True),
(31,16,False),
(32,16,True),
(33,16,False),
(34,16,True),
(35,16,False),
(36,16,True),
(37,16,False),
(38,16,True),
(39,16,False),
(40,16,True),
(41,16,False),
(42,16,True),
(43,16,False),
(44,16,True),
(45,16,False),
(46,16,True),
(47,16,False),
(48,16,True),
(49,16,False),
(50,16,True),
(51,16,False),
(52,16,True),
(53,16,False),
(54,16,True),
(55,16,False),
(56,16,True),
(57,16,False),
(58,16,True),
(59,16,False),
(60,16,True),
(1,17,False),
(2,17,True),
(3,17,False),
(4,17,True),
(5,17,False),
(6,17,True),
(7,17,False),
(8,17,True),
(9,17,False),
(10,17,True),
(11,17,False),
(12,17,True),
(13,17,False),
(14,17,True),
(15,17,False),
(16,17,True),
(17,17,False),
(18,17,True),
(19,17,False),
(20,17,True),
(21,17,False),
(22,17,True),
(23,17,False),
(24,17,True),
(25,17,False),
(26,17,True),
(27,17,False),
(28,17,True),
(29,17,False),
(30,17,True),
(31,17,False),
(32,17,True),
(33,17,False),
(34,17,True),
(35,17,False),
(36,17,True),
(37,17,False),
(38,17,True),
(39,17,False),
(40,17,True),
(41,17,False),
(42,17,True),
(43,17,False),
(44,17,True),
(45,17,False),
(46,17,True),
(47,17,False),
(48,17,True),
(49,17,False),
(50,17,True),
(51,17,False),
(52,17,True),
(53,17,False),
(54,17,True),
(55,17,False),
(56,17,True),
(57,17,False),
(58,17,True),
(59,17,False),
(60,17,True),
(1,18,False),
(2,18,True),
(3,18,False),
(4,18,True),
(5,18,False),
(6,18,True),
(7,18,False),
(8,18,True),
(9,18,False),
(10,18,True),
(11,18,False),
(12,18,True),
(13,18,False),
(14,18,True),
(15,18,False),
(16,18,True),
(17,18,False),
(18,18,True),
(19,18,False),
(20,18,True),
(21,18,False),
(22,18,True),
(23,18,False),
(24,18,True),
(25,18,False),
(26,18,True),
(27,18,False),
(28,18,True),
(29,18,False),
(30,18,True),
(31,18,False),
(32,18,True),
(33,18,False),
(34,18,True),
(35,18,False),
(36,18,True),
(37,18,False),
(38,18,True),
(39,18,False),
(40,18,True),
(41,18,False),
(42,18,True),
(43,18,False),
(44,18,True),
(45,18,False),
(46,18,True),
(47,18,False),
(48,18,True),
(49,18,False),
(50,18,True),
(51,18,False),
(52,18,True),
(53,18,False),
(54,18,True),
(55,18,False),
(56,18,True),
(57,18,False),
(58,18,True),
(59,18,False),
(60,18,True),
(1,19,False),
(2,19,True),
(3,19,False),
(4,19,True),
(5,19,False),
(6,19,True),
(7,19,False),
(8,19,True),
(9,19,False),
(10,19,True),
(11,19,False),
(12,19,True),
(13,19,False),
(14,19,True),
(15,19,False),
(16,19,True),
(17,19,False),
(18,19,True),
(19,19,False),
(20,19,True),
(21,19,False),
(22,19,True),
(23,19,False),
(24,19,True),
(25,19,False),
(26,19,True),
(27,19,False),
(28,19,True),
(29,19,False),
(30,19,True),
(31,19,False),
(32,19,True),
(33,19,False),
(34,19,True),
(35,19,False),
(36,19,True),
(37,19,False),
(38,19,True),
(39,19,False),
(40,19,True),
(41,19,False),
(42,19,True),
(43,19,False),
(44,19,True),
(45,19,False),
(46,19,True),
(47,19,False),
(48,19,True),
(49,19,False),
(50,19,True),
(51,19,False),
(52,19,True),
(53,19,False),
(54,19,True),
(55,19,False),
(56,19,True),
(57,19,False),
(58,19,True),
(59,19,False),
(60,19,True),
(1,20,False),
(2,20,True),
(3,20,False),
(4,20,True),
(5,20,False),
(6,20,True),
(7,20,False),
(8,20,True),
(9,20,False),
(10,20,True),
(11,20,False),
(12,20,True),
(13,20,False),
(14,20,True),
(15,20,False),
(16,20,True),
(17,20,False),
(18,20,True),
(19,20,False),
(20,20,True),
(21,20,False),
(22,20,True),
(23,20,False),
(24,20,True),
(25,20,False),
(26,20,True),
(27,20,False),
(28,20,True),
(29,20,False),
(30,20,True),
(31,20,False),
(32,20,True),
(33,20,False),
(34,20,True),
(35,20,False),
(36,20,True),
(37,20,False),
(38,20,True),
(39,20,False),
(40,20,True),
(41,20,False),
(42,20,True),
(43,20,False),
(44,20,True),
(45,20,False),
(46,20,True),
(47,20,False),
(48,20,True),
(49,20,False),
(50,20,True),
(51,20,False),
(52,20,True),
(53,20,False),
(54,20,True),
(55,20,False),
(56,20,True),
(57,20,False),
(58,20,True),
(59,20,False),
(60,20,True),
(1,21,False),
(2,21,True),
(3,21,False),
(4,21,True),
(5,21,False),
(6,21,True),
(7,21,False),
(8,21,True),
(9,21,False),
(10,21,True),
(11,21,False),
(12,21,True),
(13,21,False),
(14,21,True),
(15,21,False),
(16,21,True),
(17,21,False),
(18,21,True),
(19,21,False),
(20,21,True),
(21,21,False),
(22,21,True),
(23,21,False),
(24,21,True),
(25,21,False),
(26,21,True),
(27,21,False),
(28,21,True),
(29,21,False),
(30,21,True),
(31,21,False),
(32,21,True),
(33,21,False),
(34,21,True),
(35,21,False),
(36,21,True),
(37,21,False),
(38,21,True),
(39,21,False),
(40,21,True),
(41,21,False),
(42,21,True),
(43,21,False),
(44,21,True),
(45,21,False),
(46,21,True),
(47,21,False),
(48,21,True),
(49,21,False),
(50,21,True),
(51,21,False),
(52,21,True),
(53,21,False),
(54,21,True),
(55,21,False),
(56,21,True),
(57,21,False),
(58,21,True),
(59,21,False),
(60,21,True),
(1,22,False),
(2,22,True),
(3,22,False),
(4,22,True),
(5,22,False),
(6,22,True),
(7,22,False),
(8,22,True),
(9,22,False),
(10,22,True),
(11,22,False),
(12,22,True),
(13,22,False),
(14,22,True),
(15,22,False),
(16,22,True),
(17,22,False),
(18,22,True),
(19,22,False),
(20,22,True),
(21,22,False),
(22,22,True),
(23,22,False),
(24,22,True),
(25,22,False),
(26,22,True),
(27,22,False),
(28,22,True),
(29,22,False),
(30,22,True),
(31,22,False),
(32,22,True),
(33,22,False),
(34,22,True),
(35,22,False),
(36,22,True),
(37,22,False),
(38,22,True),
(39,22,False),
(40,22,True),
(41,22,False),
(42,22,True),
(43,22,False),
(44,22,True),
(45,22,False),
(46,22,True),
(47,22,False),
(48,22,True),
(49,22,False),
(50,22,True),
(51,22,False),
(52,22,True),
(53,22,False),
(54,22,True),
(55,22,False),
(56,22,True),
(57,22,False),
(58,22,True),
(59,22,False),
(60,22,True),
(1,23,False),
(2,23,True),
(3,23,False),
(4,23,True),
(5,23,False),
(6,23,True),
(7,23,False),
(8,23,True),
(9,23,False),
(10,23,True),
(11,23,False),
(12,23,True),
(13,23,False),
(14,23,True),
(15,23,False),
(16,23,True),
(17,23,False),
(18,23,True),
(19,23,False),
(20,23,True),
(21,23,False),
(22,23,True),
(23,23,False),
(24,23,True),
(25,23,False),
(26,23,True),
(27,23,False),
(28,23,True),
(29,23,False),
(30,23,True),
(31,23,False),
(32,23,True),
(33,23,False),
(34,23,True),
(35,23,False),
(36,23,True),
(37,23,False),
(38,23,True),
(39,23,False),
(40,23,True),
(41,23,False),
(42,23,True),
(43,23,False),
(44,23,True),
(45,23,False),
(46,23,True),
(47,23,False),
(48,23,True),
(49,23,False),
(50,23,True),
(51,23,False),
(52,23,True),
(53,23,False),
(54,23,True),
(55,23,False),
(56,23,True),
(57,23,False),
(58,23,True),
(59,23,False),
(60,23,True),
(1,24,False),
(2,24,True),
(3,24,False),
(4,24,True),
(5,24,False),
(6,24,True),
(7,24,False),
(8,24,True),
(9,24,False),
(10,24,True),
(11,24,False),
(12,24,True),
(13,24,False),
(14,24,True),
(15,24,False),
(16,24,True),
(17,24,False),
(18,24,True),
(19,24,False),
(20,24,True),
(21,24,False),
(22,24,True),
(23,24,False),
(24,24,True),
(25,24,False),
(26,24,True),
(27,24,False),
(28,24,True),
(29,24,False),
(30,24,True),
(31,24,False),
(32,24,True),
(33,24,False),
(34,24,True),
(35,24,False),
(36,24,True),
(37,24,False),
(38,24,True),
(39,24,False),
(40,24,True),
(41,24,False),
(42,24,True),
(43,24,False),
(44,24,True),
(45,24,False),
(46,24,True),
(47,24,False),
(48,24,True),
(49,24,False),
(50,24,True),
(51,24,False),
(52,24,True),
(53,24,False),
(54,24,True),
(55,24,False),
(56,24,True),
(57,24,False),
(58,24,True),
(59,24,False),
(60,24,True),
(1,25,False),
(2,25,True),
(3,25,False),
(4,25,True),
(5,25,False),
(6,25,True),
(7,25,False),
(8,25,True),
(9,25,False),
(10,25,True),
(11,25,False),
(12,25,True),
(13,25,False),
(14,25,True),
(15,25,False),
(16,25,True),
(17,25,False),
(18,25,True),
(19,25,False),
(20,25,True),
(21,25,False),
(22,25,True),
(23,25,False),
(24,25,True),
(25,25,False),
(26,25,True),
(27,25,False),
(28,25,True),
(29,25,False),
(30,25,True),
(31,25,False),
(32,25,True),
(33,25,False),
(34,25,True),
(35,25,False),
(36,25,True),
(37,25,False),
(38,25,True),
(39,25,False),
(40,25,True),
(41,25,False),
(42,25,True),
(43,25,False),
(44,25,True),
(45,25,False),
(46,25,True),
(47,25,False),
(48,25,True),
(49,25,False),
(50,25,True),
(51,25,False),
(52,25,True),
(53,25,False),
(54,25,True),
(55,25,False),
(56,25,True),
(57,25,False),
(58,25,True),
(59,25,False),
(60,25,True),
(1,26,False),
(2,26,True),
(3,26,False),
(4,26,True),
(5,26,False),
(6,26,True),
(7,26,False),
(8,26,True),
(9,26,False),
(10,26,True),
(11,26,False),
(12,26,True),
(13,26,False),
(14,26,True),
(15,26,False),
(16,26,True),
(17,26,False),
(18,26,True),
(19,26,False),
(20,26,True),
(21,26,False),
(22,26,True),
(23,26,False),
(24,26,True),
(25,26,False),
(26,26,True),
(27,26,False),
(28,26,True),
(29,26,False),
(30,26,True),
(31,26,False),
(32,26,True),
(33,26,False),
(34,26,True),
(35,26,False),
(36,26,True),
(37,26,False),
(38,26,True),
(39,26,False),
(40,26,True),
(41,26,False),
(42,26,True),
(43,26,False),
(44,26,True),
(45,26,False),
(46,26,True),
(47,26,False),
(48,26,True),
(49,26,False),
(50,26,True),
(51,26,False),
(52,26,True),
(53,26,False),
(54,26,True),
(55,26,False),
(56,26,True),
(57,26,False),
(58,26,True),
(59,26,False),
(60,26,True),
(1,27,False),
(2,27,True),
(3,27,False),
(4,27,True),
(5,27,False),
(6,27,True),
(7,27,False),
(8,27,True),
(9,27,False),
(10,27,True),
(11,27,False),
(12,27,True),
(13,27,False),
(14,27,True),
(15,27,False),
(16,27,True),
(17,27,False),
(18,27,True),
(19,27,False),
(20,27,True),
(21,27,False),
(22,27,True),
(23,27,False),
(24,27,True),
(25,27,False),
(26,27,True),
(27,27,False),
(28,27,True),
(29,27,False),
(30,27,True),
(31,27,False),
(32,27,True),
(33,27,False),
(34,27,True),
(35,27,False),
(36,27,True),
(37,27,False),
(38,27,True),
(39,27,False),
(40,27,True),
(41,27,False),
(42,27,True),
(43,27,False),
(44,27,True),
(45,27,False),
(46,27,True),
(47,27,False),
(48,27,True),
(49,27,False),
(50,27,True),
(51,27,False),
(52,27,True),
(53,27,False),
(54,27,True),
(55,27,False),
(56,27,True),
(57,27,False),
(58,27,True),
(59,27,False),
(60,27,True),
(1,28,False),
(2,28,True),
(3,28,False),
(4,28,True),
(5,28,False),
(6,28,True),
(7,28,False),
(8,28,True),
(9,28,False),
(10,28,True),
(11,28,False),
(12,28,True),
(13,28,False),
(14,28,True),
(15,28,False),
(16,28,True),
(17,28,False),
(18,28,True),
(19,28,False),
(20,28,True),
(21,28,False),
(22,28,True),
(23,28,False),
(24,28,True),
(25,28,False),
(26,28,True),
(27,28,False),
(28,28,True),
(29,28,False),
(30,28,True),
(31,28,False),
(32,28,True),
(33,28,False),
(34,28,True),
(35,28,False),
(36,28,True),
(37,28,False),
(38,28,True),
(39,28,False),
(40,28,True),
(41,28,False),
(42,28,True),
(43,28,False),
(44,28,True),
(45,28,False),
(46,28,True),
(47,28,False),
(48,28,True),
(49,28,False),
(50,28,True),
(51,28,False),
(52,28,True),
(53,28,False),
(54,28,True),
(55,28,False),
(56,28,True),
(57,28,False),
(58,28,True),
(59,28,False),
(60,28,True),
(1,29,False),
(2,29,True),
(3,29,False),
(4,29,True),
(5,29,False),
(6,29,True),
(7,29,False),
(8,29,True),
(9,29,False),
(10,29,True),
(11,29,False),
(12,29,True),
(13,29,False),
(14,29,True),
(15,29,False),
(16,29,True),
(17,29,False),
(18,29,True),
(19,29,False),
(20,29,True),
(21,29,False),
(22,29,True),
(23,29,False),
(24,29,True),
(25,29,False),
(26,29,True),
(27,29,False),
(28,29,True),
(29,29,False),
(30,29,True),
(31,29,False),
(32,29,True),
(33,29,False),
(34,29,True),
(35,29,False),
(36,29,True),
(37,29,False),
(38,29,True),
(39,29,False),
(40,29,True),
(41,29,False),
(42,29,True),
(43,29,False),
(44,29,True),
(45,29,False),
(46,29,True),
(47,29,False),
(48,29,True),
(49,29,False),
(50,29,True),
(51,29,False),
(52,29,True),
(53,29,False),
(54,29,True),
(55,29,False),
(56,29,True),
(57,29,False),
(58,29,True),
(59,29,False),
(60,29,True),
(1,30,False),
(2,30,True),
(3,30,False),
(4,30,True),
(5,30,False),
(6,30,True),
(7,30,False),
(8,30,True),
(9,30,False),
(10,30,True),
(11,30,False),
(12,30,True),
(13,30,False),
(14,30,True),
(15,30,False),
(16,30,True),
(17,30,False),
(18,30,True),
(19,30,False),
(20,30,True),
(21,30,False),
(22,30,True),
(23,30,False),
(24,30,True),
(25,30,False),
(26,30,True),
(27,30,False),
(28,30,True),
(29,30,False),
(30,30,True),
(31,30,False),
(32,30,True),
(33,30,False),
(34,30,True),
(35,30,False),
(36,30,True),
(37,30,False),
(38,30,True),
(39,30,False),
(40,30,True),
(41,30,False),
(42,30,True),
(43,30,False),
(44,30,True),
(45,30,False),
(46,30,True),
(47,30,False),
(48,30,True),
(49,30,False),
(50,30,True),
(51,30,False),
(52,30,True),
(53,30,False),
(54,30,True),
(55,30,False),
(56,30,True),
(57,30,False),
(58,30,True),
(59,30,False),
(60,30,True),
(1,31,False),
(2,31,True),
(3,31,False),
(4,31,True),
(5,31,False),
(6,31,True),
(7,31,False),
(8,31,True),
(9,31,False),
(10,31,True),
(11,31,False),
(12,31,True),
(13,31,False),
(14,31,True),
(15,31,False),
(16,31,True),
(17,31,False),
(18,31,True),
(19,31,False),
(20,31,True),
(21,31,False),
(22,31,True),
(23,31,False),
(24,31,True),
(25,31,False),
(26,31,True),
(27,31,False),
(28,31,True),
(29,31,False),
(30,31,True),
(31,31,False),
(32,31,True),
(33,31,False),
(34,31,True),
(35,31,False),
(36,31,True),
(37,31,False),
(38,31,True),
(39,31,False),
(40,31,True),
(41,31,False),
(42,31,True),
(43,31,False),
(44,31,True),
(45,31,False),
(46,31,True),
(47,31,False),
(48,31,True),
(49,31,False),
(50,31,True),
(51,31,False),
(52,31,True),
(53,31,False),
(54,31,True),
(55,31,False),
(56,31,True),
(57,31,False),
(58,31,True),
(59,31,False),
(60,31,True),
(1,32,False),
(2,32,True),
(3,32,False),
(4,32,True),
(5,32,False),
(6,32,True),
(7,32,False),
(8,32,True),
(9,32,False),
(10,32,True),
(11,32,False),
(12,32,True),
(13,32,False),
(14,32,True),
(15,32,False),
(16,32,True),
(17,32,False),
(18,32,True),
(19,32,False),
(20,32,True),
(21,32,False),
(22,32,True),
(23,32,False),
(24,32,True),
(25,32,False),
(26,32,True),
(27,32,False),
(28,32,True),
(29,32,False),
(30,32,True),
(31,32,False),
(32,32,True),
(33,32,False),
(34,32,True),
(35,32,False),
(36,32,True),
(37,32,False),
(38,32,True),
(39,32,False),
(40,32,True),
(41,32,False),
(42,32,True),
(43,32,False),
(44,32,True),
(45,32,False),
(46,32,True),
(47,32,False),
(48,32,True),
(49,32,False),
(50,32,True),
(51,32,False),
(52,32,True),
(53,32,False),
(54,32,True),
(55,32,False),
(56,32,True),
(57,32,False),
(58,32,True),
(59,32,False),
(60,32,True),
(1,33,False),
(2,33,True),
(3,33,False),
(4,33,True),
(5,33,False),
(6,33,True),
(7,33,False),
(8,33,True),
(9,33,False),
(10,33,True),
(11,33,False),
(12,33,True),
(13,33,False),
(14,33,True),
(15,33,False),
(16,33,True),
(17,33,False),
(18,33,True),
(19,33,False),
(20,33,True),
(21,33,False),
(22,33,True),
(23,33,False),
(24,33,True),
(25,33,False),
(26,33,True),
(27,33,False),
(28,33,True),
(29,33,False),
(30,33,True),
(31,33,False),
(32,33,True),
(33,33,False),
(34,33,True),
(35,33,False),
(36,33,True),
(37,33,False),
(38,33,True),
(39,33,False),
(40,33,True),
(41,33,False),
(42,33,True),
(43,33,False),
(44,33,True),
(45,33,False),
(46,33,True),
(47,33,False),
(48,33,True),
(49,33,False),
(50,33,True),
(51,33,False),
(52,33,True),
(53,33,False),
(54,33,True),
(55,33,False),
(56,33,True),
(57,33,False),
(58,33,True),
(59,33,False),
(60,33,True),
(1,34,False),
(2,34,True),
(3,34,False),
(4,34,True),
(5,34,False),
(6,34,True),
(7,34,False),
(8,34,True),
(9,34,False),
(10,34,True),
(11,34,False),
(12,34,True),
(13,34,False),
(14,34,True),
(15,34,False),
(16,34,True),
(17,34,False),
(18,34,True),
(19,34,False),
(20,34,True),
(21,34,False),
(22,34,True),
(23,34,False),
(24,34,True),
(25,34,False),
(26,34,True),
(27,34,False),
(28,34,True),
(29,34,False),
(30,34,True),
(31,34,False),
(32,34,True),
(33,34,False),
(34,34,True),
(35,34,False),
(36,34,True),
(37,34,False),
(38,34,True),
(39,34,False),
(40,34,True),
(41,34,False),
(42,34,True),
(43,34,False),
(44,34,True),
(45,34,False),
(46,34,True),
(47,34,False),
(48,34,True),
(49,34,False),
(50,34,True),
(51,34,False),
(52,34,True),
(53,34,False),
(54,34,True),
(55,34,False),
(56,34,True),
(57,34,False),
(58,34,True),
(59,34,False),
(60,34,True),
(1,35,False),
(2,35,True),
(3,35,False),
(4,35,True),
(5,35,False),
(6,35,True),
(7,35,False),
(8,35,True),
(9,35,False),
(10,35,True),
(11,35,False),
(12,35,True),
(13,35,False),
(14,35,True),
(15,35,False),
(16,35,True),
(17,35,False),
(18,35,True),
(19,35,False),
(20,35,True),
(21,35,False),
(22,35,True),
(23,35,False),
(24,35,True),
(25,35,False),
(26,35,True),
(27,35,False),
(28,35,True),
(29,35,False),
(30,35,True),
(31,35,False),
(32,35,True),
(33,35,False),
(34,35,True),
(35,35,False),
(36,35,True),
(37,35,False),
(38,35,True),
(39,35,False),
(40,35,True),
(41,35,False),
(42,35,True),
(43,35,False),
(44,35,True),
(45,35,False),
(46,35,True),
(47,35,False),
(48,35,True),
(49,35,False),
(50,35,True),
(51,35,False),
(52,35,True),
(53,35,False),
(54,35,True),
(55,35,False),
(56,35,True),
(57,35,False),
(58,35,True),
(59,35,False),
(60,35,True),
(1,36,False),
(2,36,True),
(3,36,False),
(4,36,True),
(5,36,False),
(6,36,True),
(7,36,False),
(8,36,True),
(9,36,False),
(10,36,True),
(11,36,False),
(12,36,True),
(13,36,False),
(14,36,True),
(15,36,False),
(16,36,True),
(17,36,False),
(18,36,True),
(19,36,False),
(20,36,True),
(21,36,False),
(22,36,True),
(23,36,False),
(24,36,True),
(25,36,False),
(26,36,True),
(27,36,False),
(28,36,True),
(29,36,False),
(30,36,True),
(31,36,False),
(32,36,True),
(33,36,False),
(34,36,True),
(35,36,False),
(36,36,True),
(37,36,False),
(38,36,True),
(39,36,False),
(40,36,True),
(41,36,False),
(42,36,True),
(43,36,False),
(44,36,True),
(45,36,False),
(46,36,True),
(47,36,False),
(48,36,True),
(49,36,False),
(50,36,True),
(51,36,False),
(52,36,True),
(53,36,False),
(54,36,True),
(55,36,False),
(56,36,True),
(57,36,False),
(58,36,True),
(59,36,False),
(60,36,True),
(1,37,False),
(2,37,True),
(3,37,False),
(4,37,True),
(5,37,False),
(6,37,True),
(7,37,False),
(8,37,True),
(9,37,False),
(10,37,True),
(11,37,False),
(12,37,True),
(13,37,False),
(14,37,True),
(15,37,False),
(16,37,True),
(17,37,False),
(18,37,True),
(19,37,False),
(20,37,True),
(21,37,False),
(22,37,True),
(23,37,False),
(24,37,True),
(25,37,False),
(26,37,True),
(27,37,False),
(28,37,True),
(29,37,False),
(30,37,True),
(31,37,False),
(32,37,True),
(33,37,False),
(34,37,True),
(35,37,False),
(36,37,True),
(37,37,False),
(38,37,True),
(39,37,False),
(40,37,True),
(41,37,False),
(42,37,True),
(43,37,False),
(44,37,True),
(45,37,False),
(46,37,True),
(47,37,False),
(48,37,True),
(49,37,False),
(50,37,True),
(51,37,False),
(52,37,True),
(53,37,False),
(54,37,True),
(55,37,False),
(56,37,True),
(57,37,False),
(58,37,True),
(59,37,False),
(60,37,True),
(1,38,False),
(2,38,True),
(3,38,False),
(4,38,True),
(5,38,False),
(6,38,True),
(7,38,False),
(8,38,True),
(9,38,False),
(10,38,True),
(11,38,False),
(12,38,True),
(13,38,False),
(14,38,True),
(15,38,False),
(16,38,True),
(17,38,False),
(18,38,True),
(19,38,False),
(20,38,True),
(21,38,False),
(22,38,True),
(23,38,False),
(24,38,True),
(25,38,False),
(26,38,True),
(27,38,False),
(28,38,True),
(29,38,False),
(30,38,True),
(31,38,False),
(32,38,True),
(33,38,False),
(34,38,True),
(35,38,False),
(36,38,True),
(37,38,False),
(38,38,True),
(39,38,False),
(40,38,True),
(41,38,False),
(42,38,True),
(43,38,False),
(44,38,True),
(45,38,False),
(46,38,True),
(47,38,False),
(48,38,True),
(49,38,False),
(50,38,True),
(51,38,False),
(52,38,True),
(53,38,False),
(54,38,True),
(55,38,False),
(56,38,True),
(57,38,False),
(58,38,True),
(59,38,False),
(60,38,True),
(1,39,False),
(2,39,True),
(3,39,False),
(4,39,True),
(5,39,False),
(6,39,True),
(7,39,False),
(8,39,True),
(9,39,False),
(10,39,True),
(11,39,False),
(12,39,True),
(13,39,False),
(14,39,True),
(15,39,False),
(16,39,True),
(17,39,False),
(18,39,True),
(19,39,False),
(20,39,True),
(21,39,False),
(22,39,True),
(23,39,False),
(24,39,True),
(25,39,False),
(26,39,True),
(27,39,False),
(28,39,True),
(29,39,False),
(30,39,True),
(31,39,False),
(32,39,True),
(33,39,False),
(34,39,True),
(35,39,False),
(36,39,True),
(37,39,False),
(38,39,True),
(39,39,False),
(40,39,True),
(41,39,False),
(42,39,True),
(43,39,False),
(44,39,True),
(45,39,False),
(46,39,True),
(47,39,False),
(48,39,True),
(49,39,False),
(50,39,True),
(51,39,False),
(52,39,True),
(53,39,False),
(54,39,True),
(55,39,False),
(56,39,True),
(57,39,False),
(58,39,True),
(59,39,False),
(60,39,True),
(1,40,False),
(2,40,True),
(3,40,False),
(4,40,True),
(5,40,False),
(6,40,True),
(7,40,False),
(8,40,True),
(9,40,False),
(10,40,True),
(11,40,False),
(12,40,True),
(13,40,False),
(14,40,True),
(15,40,False),
(16,40,True),
(17,40,False),
(18,40,True),
(19,40,False),
(20,40,True),
(21,40,False),
(22,40,True),
(23,40,False),
(24,40,True),
(25,40,False),
(26,40,True),
(27,40,False),
(28,40,True),
(29,40,False),
(30,40,True),
(31,40,False),
(32,40,True),
(33,40,False),
(34,40,True),
(35,40,False),
(36,40,True),
(37,40,False),
(38,40,True),
(39,40,False),
(40,40,True),
(41,40,False),
(42,40,True),
(43,40,False),
(44,40,True),
(45,40,False),
(46,40,True),
(47,40,False),
(48,40,True),
(49,40,False),
(50,40,True),
(51,40,False),
(52,40,True),
(53,40,False),
(54,40,True),
(55,40,False),
(56,40,True),
(57,40,False),
(58,40,True),
(59,40,False),
(60,40,True),
(1,41,False),
(2,41,True),
(3,41,False),
(4,41,True),
(5,41,False),
(6,41,True),
(7,41,False),
(8,41,True),
(9,41,False),
(10,41,True),
(11,41,False),
(12,41,True),
(13,41,False),
(14,41,True),
(15,41,False),
(16,41,True),
(17,41,False),
(18,41,True),
(19,41,False),
(20,41,True),
(21,41,False),
(22,41,True),
(23,41,False),
(24,41,True),
(25,41,False),
(26,41,True),
(27,41,False),
(28,41,True),
(29,41,False),
(30,41,True),
(31,41,False),
(32,41,True),
(33,41,False),
(34,41,True),
(35,41,False),
(36,41,True),
(37,41,False),
(38,41,True),
(39,41,False),
(40,41,True),
(41,41,False),
(42,41,True),
(43,41,False),
(44,41,True),
(45,41,False),
(46,41,True),
(47,41,False),
(48,41,True),
(49,41,False),
(50,41,True),
(51,41,False),
(52,41,True),
(53,41,False),
(54,41,True),
(55,41,False),
(56,41,True),
(57,41,False),
(58,41,True),
(59,41,False),
(60,41,True),
(1,42,False),
(2,42,True),
(3,42,False),
(4,42,True),
(5,42,False),
(6,42,True),
(7,42,False),
(8,42,True),
(9,42,False),
(10,42,True),
(11,42,False),
(12,42,True),
(13,42,False),
(14,42,True),
(15,42,False),
(16,42,True),
(17,42,False),
(18,42,True),
(19,42,False),
(20,42,True),
(21,42,False),
(22,42,True),
(23,42,False),
(24,42,True),
(25,42,False),
(26,42,True),
(27,42,False),
(28,42,True),
(29,42,False),
(30,42,True),
(31,42,False),
(32,42,True),
(33,42,False),
(34,42,True),
(35,42,False),
(36,42,True),
(37,42,False),
(38,42,True),
(39,42,False),
(40,42,True),
(41,42,False),
(42,42,True),
(43,42,False),
(44,42,True),
(45,42,False),
(46,42,True),
(47,42,False),
(48,42,True),
(49,42,False),
(50,42,True),
(51,42,False),
(52,42,True),
(53,42,False),
(54,42,True),
(55,42,False),
(56,42,True),
(57,42,False),
(58,42,True),
(59,42,False),
(60,42,True),
(1,43,False),
(2,43,True),
(3,43,False),
(4,43,True),
(5,43,False),
(6,43,True),
(7,43,False),
(8,43,True),
(9,43,False),
(10,43,True),
(11,43,False),
(12,43,True),
(13,43,False),
(14,43,True),
(15,43,False),
(16,43,True),
(17,43,False),
(18,43,True),
(19,43,False),
(20,43,True),
(21,43,False),
(22,43,True),
(23,43,False),
(24,43,True),
(25,43,False),
(26,43,True),
(27,43,False),
(28,43,True),
(29,43,False),
(30,43,True),
(31,43,False),
(32,43,True),
(33,43,False),
(34,43,True),
(35,43,False),
(36,43,True),
(37,43,False),
(38,43,True),
(39,43,False),
(40,43,True),
(41,43,False),
(42,43,True),
(43,43,False),
(44,43,True),
(45,43,False),
(46,43,True),
(47,43,False),
(48,43,True),
(49,43,False),
(50,43,True),
(51,43,False),
(52,43,True),
(53,43,False),
(54,43,True),
(55,43,False),
(56,43,True),
(57,43,False),
(58,43,True),
(59,43,False),
(60,43,True),
(1,44,False),
(2,44,True),
(3,44,False),
(4,44,True),
(5,44,False),
(6,44,True),
(7,44,False),
(8,44,True),
(9,44,False),
(10,44,True),
(11,44,False),
(12,44,True),
(13,44,False),
(14,44,True),
(15,44,False),
(16,44,True),
(17,44,False),
(18,44,True),
(19,44,False),
(20,44,True),
(21,44,False),
(22,44,True),
(23,44,False),
(24,44,True),
(25,44,False),
(26,44,True),
(27,44,False),
(28,44,True),
(29,44,False),
(30,44,True),
(31,44,False),
(32,44,True),
(33,44,False),
(34,44,True),
(35,44,False),
(36,44,True),
(37,44,False),
(38,44,True),
(39,44,False),
(40,44,True),
(41,44,False),
(42,44,True),
(43,44,False),
(44,44,True),
(45,44,False),
(46,44,True),
(47,44,False),
(48,44,True),
(49,44,False),
(50,44,True),
(51,44,False),
(52,44,True),
(53,44,False),
(54,44,True),
(55,44,False),
(56,44,True),
(57,44,False),
(58,44,True),
(59,44,False),
(60,44,True),
(1,45,False),
(2,45,True),
(3,45,False),
(4,45,True),
(5,45,False),
(6,45,True),
(7,45,False),
(8,45,True),
(9,45,False),
(10,45,True),
(11,45,False),
(12,45,True),
(13,45,False),
(14,45,True),
(15,45,False),
(16,45,True),
(17,45,False),
(18,45,True),
(19,45,False),
(20,45,True),
(21,45,False),
(22,45,True),
(23,45,False),
(24,45,True),
(25,45,False),
(26,45,True),
(27,45,False),
(28,45,True),
(29,45,False),
(30,45,True),
(31,45,False),
(32,45,True),
(33,45,False),
(34,45,True),
(35,45,False),
(36,45,True),
(37,45,False),
(38,45,True),
(39,45,False),
(40,45,True),
(41,45,False),
(42,45,True),
(43,45,False),
(44,45,True),
(45,45,False),
(46,45,True),
(47,45,False),
(48,45,True),
(49,45,False),
(50,45,True),
(51,45,False),
(52,45,True),
(53,45,False),
(54,45,True),
(55,45,False),
(56,45,True),
(57,45,False),
(58,45,True),
(59,45,False),
(60,45,True),
(1,46,False),
(2,46,True),
(3,46,False),
(4,46,True),
(5,46,False),
(6,46,True),
(7,46,False),
(8,46,True),
(9,46,False),
(10,46,True),
(11,46,False),
(12,46,True),
(13,46,False),
(14,46,True),
(15,46,False),
(16,46,True),
(17,46,False),
(18,46,True),
(19,46,False),
(20,46,True),
(21,46,False),
(22,46,True),
(23,46,False),
(24,46,True),
(25,46,False),
(26,46,True),
(27,46,False),
(28,46,True),
(29,46,False),
(30,46,True),
(31,46,False),
(32,46,True),
(33,46,False),
(34,46,True),
(35,46,False),
(36,46,True),
(37,46,False),
(38,46,True),
(39,46,False),
(40,46,True),
(41,46,False),
(42,46,True),
(43,46,False),
(44,46,True),
(45,46,False),
(46,46,True),
(47,46,False),
(48,46,True),
(49,46,False),
(50,46,True),
(51,46,False),
(52,46,True),
(53,46,False),
(54,46,True),
(55,46,False),
(56,46,True),
(57,46,False),
(58,46,True),
(59,46,False),
(60,46,True),
(1,47,False),
(2,47,True),
(3,47,False),
(4,47,True),
(5,47,False),
(6,47,True),
(7,47,False),
(8,47,True),
(9,47,False),
(10,47,True),
(11,47,False),
(12,47,True),
(13,47,False),
(14,47,True),
(15,47,False),
(16,47,True),
(17,47,False),
(18,47,True),
(19,47,False),
(20,47,True),
(21,47,False),
(22,47,True),
(23,47,False),
(24,47,True),
(25,47,False),
(26,47,True),
(27,47,False),
(28,47,True),
(29,47,False),
(30,47,True),
(31,47,False),
(32,47,True),
(33,47,False),
(34,47,True),
(35,47,False),
(36,47,True),
(37,47,False),
(38,47,True),
(39,47,False),
(40,47,True),
(41,47,False),
(42,47,True),
(43,47,False),
(44,47,True),
(45,47,False),
(46,47,True),
(47,47,False),
(48,47,True),
(49,47,False),
(50,47,True),
(51,47,False),
(52,47,True),
(53,47,False),
(54,47,True),
(55,47,False),
(56,47,True),
(57,47,False),
(58,47,True),
(59,47,False),
(60,47,True),
(1,48,False),
(2,48,True),
(3,48,False),
(4,48,True),
(5,48,False),
(6,48,True),
(7,48,False),
(8,48,True),
(9,48,False),
(10,48,True),
(11,48,False),
(12,48,True),
(13,48,False),
(14,48,True),
(15,48,False),
(16,48,True),
(17,48,False),
(18,48,True),
(19,48,False),
(20,48,True),
(21,48,False),
(22,48,True),
(23,48,False),
(24,48,True),
(25,48,False),
(26,48,True),
(27,48,False),
(28,48,True),
(29,48,False),
(30,48,True),
(31,48,False),
(32,48,True),
(33,48,False),
(34,48,True),
(35,48,False),
(36,48,True),
(37,48,False),
(38,48,True),
(39,48,False),
(40,48,True),
(41,48,False),
(42,48,True),
(43,48,False),
(44,48,True),
(45,48,False),
(46,48,True),
(47,48,False),
(48,48,True),
(49,48,False),
(50,48,True),
(51,48,False),
(52,48,True),
(53,48,False),
(54,48,True),
(55,48,False),
(56,48,True),
(57,48,False),
(58,48,True),
(59,48,False),
(60,48,True);

INSERT INTO Inventario_Recurso (inventario_recurso_codigo, fk_recurso, inventario_recurso_cantidad_total)
VALUES
(1,1,5),
(2,2,10),
(3,3,15),
(4,4,15),
(5,5,15),
(6,6,15),
(7,7,15),
(8,8,15),
(9,9,15),
(10,10,15),
(11,15,15),
(12,16,15),
(13,17,15),
(14,18,15),
(15,19,15),
(16,20,5),
(17,21,5),
(18,22,5),
(19,23,5),
(20,24,5),
(21,25,10),
(22,26,10),
(23,27,10),
(24,28,10),
(25,29,10),
(26,30,10),
(27,31,10),
(28,32,10),
(29,33,10),
(30,34,20),
(31,35,20),
(32,36,20),
(33,37,20),
(34,38,20),
(35,39,20),
(36,40,20),
(37,11,5),
(38,12,5),
(39,13,5),
(40,14,5);
