-- Insertando datos en la tabla 'banco'
INSERT INTO banco (banco_codigo, banco_nombre)
VALUES
(1, 'Banco de Venezuela'),
(2, 'Venezolano de Crédito'),
(3, 'Banco Mercantil'),
(4, 'Banco Provincial'),
(5, 'Bancaribe'),
(6, 'Banco Exterior'),
(7, 'Banco Caroní'),
(8, 'Bancrecer'),
(9, 'BFC Banco Fondo Común'),
(10, 'Banco Bicentenario');

-- Insertando datos en la tabla 'tarjeta_credito'
INSERT INTO tarjeta_credito (metodo_pago_codigo, tdc_numero, tdc_tipo_cuenta, tdc_fecha_expiracion, tdc_cvv, fk_banco, fk_cliente)
VALUES
(1, '5111111111111111', 'VISA', '2025-12-01', '123', 1, 46),
(2, '5222222222222222', 'MasterCard', '2026-11-01', '456', 2, 12),
(3, '5333333333333333', 'VISA', '2027-10-01', '789', 3, 34),
(4, '5444444444444444', 'MasterCard', '2028-09-01', '321', 4, 1),
(5, '5555555555555555', 'VISA', '2029-08-01', '654', 5, 12),
(6, '5666666666666666', 'MasterCard', '2030-07-01', '987', 6, 95),
(7, '5777777777777777', 'VISA', '2031-06-01', '111', 7, 54),
(8, '5888888888888888', 'MasterCard', '2032-05-01', '222', 8, 89),
(9, '5999999999999999', 'VISA', '2033-04-01', '333', 9, 56),
(10, '5000000000000000', 'MasterCard', '2034-03-01', '444', 10, 97);

-- Insertando datos en la tabla 'tarjeta_debito'
INSERT INTO tarjeta_debito (metodo_pago_codigo, tdb_numero, tdb_tipo_cuenta, tdb_fecha_expiracion, tdb_cvv, fk_banco, fk_cliente)
VALUES
(1, '4111111111111111', 'Ahorro', '2025-12-01', '123', 1, 26),
(2, '4222222222222222', 'Corriente', '2026-11-01', '456', 2, 57),
(3, '4333333333333333', 'Ahorro', '2027-10-01', '789', 3, 33),
(4, '4444444444444444', 'Corriente', '2028-09-01', '321', 4, 23),
(5, '4555555555555555', 'Ahorro', '2029-08-01', '654', 5, 21),
(6, '4666666666666666', 'Corriente', '2030-07-01', '987', 6, 10),
(7, '4777777777777777', 'Ahorro', '2031-06-01', '111', 7, 17),
(8, '4888888888888888', 'Corriente', '2032-05-01', '222', 8, 5),
(9, '4999999999999999', 'Ahorro', '2033-04-01', '333', 9, 19),
(10, '4000000000000000', 'Corriente', '2034-03-01', '444', 10, 2);

-- Insertando datos en la tabla 'efectivo'
INSERT INTO efectivo (metodo_pago_codigo, efectivo_denominacion, fk_cliente)
VALUES
(1, 1000, 97),
(2, 500, 97),
(3, 100, 97),
(4, 500, 2),
(5, 200, 2),
(6, 50, 3),
(7, 1500, 3),
(8, 20, 1),
(9, 10, 1),
(10, 5, 1);

-- Insertando datos en la tabla 'cheque'
INSERT INTO cheque (metodo_pago_codigo, cheque_numero, fk_banco, fk_cliente)
VALUES
(1, '0000016594', 1, 10),
(2, '0000918342', 2, 10),
(3, '0004033285', 3, 15),
(4, '0000485345', 4, 15),
(5, '0009241795', 5, 20),
(6, '0000000415', 6, 20),
(7, '0000483355', 7, 25),
(8, '0000002875', 8, 25),
(9, '0000021900', 9, 30),
(10, '0000949214', 10, 30);

-- Insertando datos en la tabla 'pedido_compra'
INSERT INTO pedido_compra (pedido_compra_numero, fk_aliado, pedido_compra_fecha_emision, pedido_compra_monto_subtil, pedido_compra_monto_total)
VALUES
(1, 1, '2010-01-15', 1200.00, 1392.00),
(2, 1, '2011-02-20', 950.00, 1102.00),
(3, 1, '2012-03-25', 450.00, 522.00),
(4, 1, '2013-04-30', 1300.00, 1508.00),
(5, 1, '2014-05-05', 750.00, 870.00),
(6, 1, '2015-06-10', 1450.00, 1682.00),
(7, 1, '2016-07-15', 600.00, 696.00),
(8, 1, '2017-08-20', 800.00, 928.00),
(9, 1, '2018-09-25', 300.00, 348.00),
(10, 1, '2019-10-30', 1000.00, 1160.00),
(11, 10, '2020-11-05', 1200.00, 1392.00),
(12, 10, '2021-12-10', 1300.00, 1508.00),
(13, 10, '2022-01-15', 1400.00, 1624.00),
(14, 10, '2023-02-20', 1500.00, 1740.00),
(15, 10, '2023-03-25', 1100.00, 1276.00),
(16, 10, '2023-04-30', 900.00, 1044.00),
(17, 10, '2023-05-05', 800.00, 928.00),
(18, 10, '2023-06-10', 500.00, 580.00),
(19, 10, '2023-07-15', 450.00, 522.00),
(20, 20, '2023-08-20', 350.00, 406.00),
(21, 20, '2023-09-25', 1400.00, 1624.00),
(22, 20, '2023-10-30', 1250.00, 1450.00),
(23, 20, '2023-11-05', 1350.00, 1566.00),
(24, 20, '2023-12-10', 1450.00, 1682.00),
(25, 20, '2024-01-15', 1500.00, 1740.00),
(26, 20, '2010-01-15', 1150.00, 1334.00),
(27, 20, '2011-02-20', 300.00, 348.00),
(28, 20, '2012-03-25', 500.00, 580.00),
(29, 20, '2013-04-30', 700.00, 812.00),
(30, 30, '2014-05-05', 900.00, 1044.00),
(31, 30, '2015-06-10', 1100.00, 1276.00),
(32, 30, '2016-07-15', 1300.00, 1508.00),
(33, 30, '2017-08-20', 1500.00, 1740.00),
(34, 30, '2018-09-25', 450.00, 522.00),
(35, 30, '2019-10-30', 600.00, 696.00),
(36, 30, '2020-11-05', 950.00, 1102.00),
(37, 30, '2021-12-10', 1150.00, 1334.00),
(38, 30, '2022-01-15', 1250.00, 1450.00),
(39, 30, '2023-02-20', 1350.00, 1566.00),
(40, 40, '2023-03-25', 1450.00, 1682.00),
(41, 40, '2023-04-30', 1550.00, 1798.00),
(42, 40, '2023-05-05', 450.00, 522.00),
(43, 40, '2023-06-10', 600.00, 696.00),
(44, 40, '2023-07-15', 900.00, 1044.00),
(45, 40, '2023-08-20', 1000.00, 1160.00),
(46, 40, '2023-09-25', 1100.00, 1276.00),
(47, 40, '2023-10-30', 1200.00, 1392.00),
(48, 40, '2023-11-05', 1300.00, 1508.00),
(49, 40, '2023-12-10', 1400.00, 1624.00),
(50, 40, '2024-01-15', 1500.00, 1740.00);

-- Insertando datos en la tabla 'pago_compra'
INSERT INTO pago_compra (pago_compra_codigo, fk_tarjeta_debito, fk_tarjeta_credito, fk_efectivo, fk_cheque, fk_pedido_compra_1, fk_pedido_compra_2, pago_compra_monto, pago_compra_fecha_emision)
VALUES
(1, NULL, 10, NULL, NULL, 1, 1, 1392.00, '2010-01-15'),
(2, NULL, 10, NULL, NULL, 2, 1, 1102.00, '2011-02-20'),
(3, NULL, 10, NULL, NULL, 3, 1, 522.00, '2012-03-25'),
(4, NULL, 10, NULL, NULL, 4, 1, 1508.00, '2013-04-30'),
(5, NULL, 10, NULL, NULL, 5, 1, 870.00, '2014-05-05'),
(6, NULL, 10, NULL, NULL, 6, 1, 1682.00, '2015-06-10'),
(7, NULL, 10, NULL, NULL, 7, 1, 696.00, '2016-07-15'),
(8, NULL, 10, NULL, NULL, 8, 1, 928.00, '2017-08-20'),
(9, NULL, 10, NULL, NULL, 9, 1, 348.00, '2018-09-25'),
(10, NULL, 10, NULL, NULL, 10, 1, 1160.00, '2019-10-30'),
(11, NULL, 10, NULL, NULL, 11, 10, 1392.00, '2020-11-05'),
(12, NULL, 10, NULL, NULL, 12, 10, 1508.00, '2021-12-10'),
(13, NULL, 10, NULL, NULL, 13, 10, 1624.00, '2022-01-15'),
(14, NULL, 10, NULL, NULL, 14, 10, 1740.00, '2023-02-20'),
(15, NULL, 10, NULL, NULL, 15, 10, 1276.00, '2023-03-25'),
(16, NULL, 10, NULL, NULL, 16, 10, 1044.00, '2023-04-30'),
(17, NULL, 10, NULL, NULL, 17, 10, 928.00, '2023-05-05'),
(18, NULL, 10, NULL, NULL, 18, 10, 580.00, '2023-06-10'),
(19, NULL, 10, NULL, NULL, 19, 10, 522.00, '2023-07-15'),
(20, NULL, 10, NULL, NULL, 20, 20, 406.00, '2023-08-20'),
(21, NULL, 10, NULL, NULL, 21, 20, 1624.00, '2023-09-25'),
(22, NULL, 10, NULL, NULL, 22, 20, 1450.00, '2023-10-30'),
(23, NULL, 10, NULL, NULL, 23, 20, 1566.00, '2023-11-05'),
(24, NULL, 10, NULL, NULL, 24, 20, 1682.00, '2023-12-10'),
(25, NULL, 10, NULL, NULL, 26, 20, 1334.00, '2010-01-15'),
(26, NULL, 10, NULL, NULL, 27, 20, 348.00, '2011-02-20'),
(27, NULL, 10, NULL, NULL, 28, 20, 580.00, '2012-03-25'),
(28, NULL, 10, NULL, NULL, 29, 20, 812.00, '2013-04-30'),
(29, NULL, 10, NULL, NULL, 30, 20, 1044.00, '2014-05-05'),
(30, NULL, 10, NULL, NULL, 31, 30, 1276.00, '2015-06-10'),
(31, NULL, 10, NULL, NULL, 32, 30, 1508.00, '2016-07-15'),
(32, NULL, 10, NULL, NULL, 33, 30, 1740.00, '2017-08-20'),
(33, NULL, 10, NULL, NULL, 34, 30, 522.00, '2018-09-25'),
(34, NULL, 10, NULL, NULL, 35, 30, 696.00, '2019-10-30'),
(35, NULL, 10, NULL, NULL, 36, 30, 1102.00, '2020-11-05'),
(36, NULL, 10, NULL, NULL, 37, 30, 1334.00, '2021-12-10'),
(37, NULL, 10, NULL, NULL, 38, 30, 1450.00, '2022-01-15'),
(38, NULL, 10, NULL, NULL, 39, 30, 1566.00, '2023-02-20'),
(39, NULL, 10, NULL, NULL, 40, 30, 1682.00, '2023-03-25'),
(40, NULL, 10, NULL, NULL, 41, 40, 1798.00, '2023-04-30'),
(41, NULL, 10, NULL, NULL, 42, 40, 522.00, '2023-05-05'),
(42, NULL, 10, NULL, NULL, 43, 40, 696.00, '2023-06-10'),
(43, NULL, 10, NULL, NULL, 44, 40, 1044.00, '2023-07-15'),
(44, NULL, 10, NULL, NULL, 45, 40, 1160.00, '2023-08-20'),
(45, NULL, 10, NULL, NULL, 46, 40, 1276.00, '2023-09-25'),
(46, NULL, 10, NULL, NULL, 47, 40, 1392.00, '2023-10-30'),
(47, NULL, 10, NULL, NULL, 48, 40, 1508.00, '2023-11-05'),
(48, NULL, 10, NULL, NULL, 49, 40, 1624.00, '2023-12-10'),
(49, NULL, 10, NULL, NULL, 50, 40, 1740.00, '2024-01-15');

-- Insertando datos en la tabla 'pedido_venta'
INSERT INTO pedido_venta (pedido_venta_numero, fk_cliente, pedido_venta_fecha_emision, pedido_venta_monto_subtil, pedido_venta_monto_total)
VALUES
(1, 1, '2010-01-15', 1200.00, 1392.00),
(2, 2, '2011-02-20', 950.00, 1102.00),
(3, 3, '2012-03-25', 450.00, 522.00),
(4, 4, '2013-04-30', 1300.00, 1508.00),
(5, 5, '2014-05-05', 750.00, 870.00),
(6, 6, '2015-06-10', 1450.00, 1682.00),
(7, 7, '2016-07-15', 600.00, 696.00),
(8, 8, '2017-08-20', 800.00, 928.00),
(9, 9, '2018-09-25', 300.00, 348.00),
(10,10, '2019-10-30', 1000.00, 1160.00);

-- Insertando datos en la tabla 'pedido_compra_venta'
INSERT INTO pedido_compra_venta (fk_pedido_venta_1, fk_pedido_venta_2, fk_pedido_compra_1, fk_pedido_compra_2)
VALUES
(1,1,1,1),
(2,2,2,1),
(3,3,3,1),
(4,4,4,1),
(5,5,5,1),
(6,6,6,1),
(7,7,7,1),
(8,8,8,1),
(9,9,9,1),
(10,10,10,1);

-- Insertando datos en la tabla 'pago_venta'
INSERT INTO pago_venta (pago_venta_codigo, fk_tarjeta_debito, fk_tarjeta_credito, fk_efectivo, fk_cheque, fk_pedido_venta_1, fk_pedido_venta_2, pago_venta_monto, pago_venta_fecha_emision)
VALUES
(1, NULL, 9, NULL, NULL, 1, 1, 1392.00, '2010-01-15'),
(2, NULL, 9, NULL, NULL, 2, 2, 1102.00, '2011-02-20'),
(3, NULL, 9, NULL, NULL, 3, 3, 522.00, '2012-03-25'),
(4, NULL, 9, NULL, NULL, 4, 4, 1508.00, '2013-04-30'),
(5, NULL, 9, NULL, NULL, 5, 5, 870.00, '2014-05-05'),
(6, NULL, 9, NULL, NULL, 6, 6, 1682.00, '2015-06-10'),
(7, NULL, 9, NULL, NULL, 7, 7, 696.00, '2016-07-15'),
(8, NULL, 9, NULL, NULL, 8, 8, 928.00, '2017-08-20'),
(9, NULL, 9, NULL, NULL, 9, 9, 348.00, '2018-09-25'),
(10, NULL, 9, NULL, NULL, 10, 10, 1160.00, '2019-10-30');

-- Insertando datos en la tabla 'estatus_pedido'
INSERT INTO estatus_pedido (estatus_pedido_codigo, estatus_pedido_nombre, estatus_pedido_descripcion)
VALUES
(1, 'En proceso', NULL),
(2, 'Aprobado', NULL),
(3, 'Rechazado', NULL),
(4, 'Por pagar', NULL),
(5, 'Pagado', NULL),
(6, 'Cancelado', NULL),
(7, 'En espera', NULL),
(8, 'Completado', NULL),
(9, 'En revisión', NULL),
(10, 'Confirmado ', NULL);

-- Insertando datos en la tabla 'historico_estatus_pedido_compra'
INSERT INTO historico_estatus_pedido_compra (hist_est_pedido_compra_codigo, fk_estatus_pedido, fk_pedido_compra_1, fk_pedido_compra_2, hist_est_pedido_compra_fecha_inicio, hist_est_pedido_compra_fecha_fin)
VALUES
(1, 5, 1, 1, '2010-01-15', '2010-01-15'),
(2, 5, 2, 1, '2011-02-20', '2011-02-20'),
(3, 5, 3, 1, '2012-03-25', '2012-03-25'),
(4, 5, 4, 1, '2013-04-30', '2013-04-30'),
(5, 5, 5, 1, '2014-05-05', '2014-05-05'),
(6, 5, 6, 1, '2015-06-10', '2015-06-10'),
(7, 5, 7, 1, '2016-07-15', '2016-07-15'),
(8, 5, 8, 1, '2017-08-20', '2017-08-20'),
(9, 5, 9, 1, '2018-09-25', '2018-09-25'),
(10, 5, 10, 1, '2019-10-30', '2019-10-30'),
(11, 5, 11, 10, '2020-11-05', '2020-11-05'),
(12, 5, 12, 10, '2021-12-10', '2021-12-10'),
(13, 5, 13, 10, '2022-01-15', '2022-01-15'),
(14, 5, 14, 10, '2023-02-20', '2023-02-20'),
(15, 5, 15, 10, '2023-03-25', '2023-03-25'),
(16, 5, 16, 10, '2023-04-30', '2023-04-30'),
(17, 5, 17, 10, '2023-05-05', '2023-05-05'),
(18, 5, 18, 10, '2023-06-10', '2023-06-10'),
(19, 5, 19, 10, '2023-07-15', '2023-07-15'),
(20, 5, 20, 20, '2023-08-20', '2023-08-20'),
(21, 5, 21, 20, '2023-09-25', '2023-09-25'),
(22, 5, 22, 20, '2023-10-30', '2023-10-30'),
(23, 5, 23, 20, '2023-11-05', '2023-11-05'),
(24, 5, 24, 20, '2023-12-10', '2023-12-10'),
(25, 7, 25, 20, '2024-01-15', NULL),
(26, 5, 26, 20, '2010-01-15', '2010-01-15'),
(27, 5, 27, 20, '2011-02-20', '2011-02-20'),
(28, 5, 28, 20, '2012-03-25', '2012-03-25'),
(29, 5, 29, 20, '2013-04-30', '2013-04-30'),
(30, 5, 30, 30, '2014-05-05', '2014-05-05'),
(31, 5, 31, 30, '2015-06-10', '2015-06-10'),
(32, 5, 32, 30, '2016-07-15', '2016-07-15'),
(33, 5, 33, 30, '2017-08-20', '2017-08-20'),
(34, 5, 34, 30, '2018-09-25', '2018-09-25'),
(35, 5, 35, 30, '2019-10-30', '2019-10-30'),
(36, 5, 36, 30, '2020-11-05', '2020-11-05'),
(37, 5, 37, 30, '2021-12-10', '2021-12-10'),
(38, 5, 38, 30, '2022-01-15', '2022-01-15'),
(39, 5, 39, 30, '2023-02-20', '2023-02-20'),
(40, 5, 40, 40, '2023-03-25', '2023-03-25'),
(41, 5, 41, 40, '2023-04-30', '2023-04-30'),
(42, 5, 42, 40, '2023-05-05', '2023-05-05'),
(43, 5, 43, 40, '2023-06-10', '2023-06-10'),
(44, 5, 44, 40, '2023-07-15', '2023-07-15'),
(45, 5, 45, 40, '2023-08-20', '2023-08-20'),
(46, 5, 46, 40, '2023-09-25', '2023-09-25'),
(47, 5, 47, 40, '2023-10-30', '2023-10-30'),
(48, 5, 48, 40, '2023-11-05', '2023-11-05'),
(49, 5, 49, 40, '2023-12-10', '2023-12-10'),
(50, 7, 50, 40, '2024-01-15', NULL);

-- Insertando datos en la tabla 'historico_estatus_pedido_venta'
INSERT INTO historico_estatus_pedido_venta (hist_est_pedido_venta_codigo, fk_estatus_pedido, fk_pedido_venta_1, fk_pedido_venta_2, hist_est_pedido_venta_fecha_inicio, hist_est_pedido_venta_fecha_fin)
VALUES
(1, 5, 1, 1, '2010-01-15', '2010-01-15'),
(2, 5, 2, 2, '2011-02-20', '2011-02-20'),
(3, 5, 3, 3, '2012-03-25', '2012-03-25'),
(4, 5, 4, 4, '2013-04-30', '2013-04-30'),
(5, 5, 5, 5, '2014-05-05', '2014-05-05'),
(6, 5, 6, 6, '2015-06-10', '2015-06-10'),
(7, 5, 7, 7, '2016-07-15', '2016-07-15'),
(8, 5, 8, 8, '2017-08-20', '2017-08-20'),
(9, 5, 9, 9, '2018-09-25', '2018-09-25'),
(10, 5, 10, 10, '2019-10-30', '2019-10-30');

INSERT INTO inventario_producto (inventario_producto_codigo, fk_mineral, inventario_producto_cantidad_total, inventario_producto_operacion, inventario_producto_tipo_operacion, inventario_producto_fecha_movimiento)
VALUES
(1, 1, 10, 10, 'Ingreso', '2010-01-15'),
(2, 2, 10, 10, 'Ingreso', '2011-02-20'),
(3, 3, 10, 10, 'Ingreso', '2012-03-25'),
(4, 4, 10, 10, 'Ingreso', '2013-04-30'),
(5, 5, 10, 10, 'Ingreso', '2014-05-05'),
(6, 6, 10, 10, 'Ingreso', '2015-06-10'),
(7, 7, 10, 10, 'Ingreso', '2016-07-15'),
(8, 8, 10, 10, 'Ingreso', '2017-08-20'),
(9, 9, 10, 10, 'Ingreso', '2018-09-25'),
(10, 10, 10, 10, 'Ingreso', '2019-10-30'),
(11, 11, 10, 10, 'Ingreso', '2020-11-05'),
(12, 12, 10, 10, 'Ingreso', '2021-12-10'),
(13, 13, 10, 10, 'Ingreso', '2022-01-15'),
(14, 14, 10, 10, 'Ingreso', '2023-02-20'),
(15, 15, 10, 10, 'Ingreso', '2023-03-25'),
(16, 16, 10, 10, 'Ingreso', '2023-04-30'),
(17, 17, 10, 10, 'Ingreso', '2023-05-05'),
(18, 18, 10, 10, 'Ingreso', '2023-06-10'),
(19, 19, 10, 10, 'Ingreso', '2023-07-15'),
(20, 20, 10, 10, 'Ingreso', '2023-08-20'),
(21, 21, 10, 10, 'Ingreso', '2023-09-25'),
(22, 22, 10, 10, 'Ingreso', '2023-10-30'),
(23, 23, 10, 10, 'Ingreso', '2023-11-05'),
(24, 24, 10, 10, 'Ingreso', '2023-12-10'),
(25, 25, 10, 10, 'Ingreso', '2024-01-15'),
(26, 26, 10, 10, 'Ingreso', '2010-01-15'),
(27, 27, 10, 10, 'Ingreso', '2011-02-20'),
(28, 28, 10, 10, 'Ingreso', '2012-03-25'),
(29, 29, 10, 10, 'Ingreso', '2013-04-30'),
(30, 30, 10, 10, 'Ingreso', '2014-05-05'),
(31, 31, 10, 10, 'Ingreso', '2015-06-10'),
(32, 32, 10, 10, 'Ingreso', '2016-07-15'),
(33, 33, 10, 10, 'Ingreso', '2017-08-20'),
(34, 34, 10, 10, 'Ingreso', '2018-09-25'),
(35, 35, 10, 10, 'Ingreso', '2019-10-30'),
(36, 36, 10, 10, 'Ingreso', '2020-11-05'),
(37, 37, 10, 10, 'Ingreso', '2021-12-10'),
(38, 38, 10, 10, 'Ingreso', '2022-01-15'),
(39, 39, 10, 10, 'Ingreso', '2023-02-20'),
(40, 40, 10, 10, 'Ingreso', '2023-03-25'),
(41, 41, 10, 10, 'Ingreso', '2023-04-30'),
(42, 42, 10, 10, 'Ingreso', '2023-05-05'),
(43, 43, 10, 10, 'Ingreso', '2023-06-10'),
(44, 44, 10, 10, 'Ingreso', '2023-07-15'),
(45, 45, 10, 10, 'Ingreso', '2023-08-20'),
(46, 46, 10, 10, 'Ingreso', '2023-09-25'),
(47, 47, 10, 10, 'Ingreso', '2023-10-30'),
(48, 48, 10, 10, 'Ingreso', '2023-11-05'),
(49, 49, 10, 10, 'Ingreso', '2023-12-10'),
(50, 50, 10, 10, 'Ingreso', '2024-01-15'),
(51, 1, 0, 10, 'Egreso', '2010-01-15'),
(52, 2, 0, 10, 'Egreso', '2011-02-20'),
(53, 3, 0, 10, 'Egreso', '2012-03-25'),
(54, 4, 0, 10, 'Egreso', '2013-04-30'),
(55, 5, 0, 10, 'Egreso', '2014-05-05'),
(56, 6, 0, 10, 'Egreso', '2015-06-10'),
(57, 7, 0, 10, 'Egreso', '2016-07-15'),
(58, 8, 0, 10, 'Egreso', '2017-08-20'),
(59, 9, 0, 10, 'Egreso', '2018-09-25'),
(60, 10, 0, 10, 'Egreso', '2019-10-30');

-- Insertando datos en la tabla 'detalle_pedido_compra'
INSERT INTO detalle_pedido_compra (detalle_pedido_compra_codigo, fk_pedido_compra_1, fk_pedido_compra_2, fk_inventario_producto_1, fk_inventario_producto_2, detalle_compra_cantidad_mineral, detalle_compra_precio_unitario)
VALUES
(1, 1, 1, 1, 1, 10, 120.00),
(2, 2, 1, 2, 2, 10, 95.00),
(3, 3, 1, 3, 3, 10, 45.00),
(4, 4, 1, 4, 4, 10, 130.00),
(5, 5, 1, 5, 5, 10, 75.00),
(6, 6, 1, 6, 6, 10, 145.00),
(7, 7, 1, 7, 7, 10, 60.00),
(8, 8, 1, 8, 8, 10, 80.00),
(9, 9, 1, 9, 9, 10, 30.00),
(10, 10, 1, 10, 10, 10, 100.00),
(11, 11, 10, 11, 11, 10, 120.00),
(12, 12, 10, 12, 12, 10, 95.00),
(13, 13, 10, 13, 13, 10, 45.00),
(14, 14, 10, 14, 14, 10, 130.00),
(15, 15, 10, 15, 15, 10, 75.00),
(16, 16, 10, 16, 16, 10, 145.00),
(17, 17, 10, 17, 17, 10, 60.00),
(18, 18, 10, 18, 18, 10, 80.00),
(19, 19, 10, 19, 19, 10, 30.00),
(20, 20, 20, 20, 20, 10, 100.00),
(21, 21, 20, 21, 21, 10, 120.00),
(22, 22, 20, 22, 22, 10, 95.00),
(23, 23, 20, 23, 23, 10, 45.00),
(24, 24, 20, 24, 24, 10, 130.00),
(25, 25, 20, 25, 25, 10, 75.00),
(26, 26, 20, 26, 26, 10, 145.00),
(27, 27, 20, 27, 27, 10, 60.00),
(28, 28, 20, 28, 28, 10, 80.00),
(29, 29, 20, 29, 29, 10, 30.00),
(30, 30, 30, 30, 30, 10, 100.00),
(31, 31, 30, 31, 31, 10, 120.00),
(32, 32, 30, 32, 32, 10, 95.00),
(33, 33, 30, 33, 33, 10, 45.00),
(34, 34, 30, 34, 34, 10, 130.00),
(35, 35, 30, 35, 35, 10, 75.00),
(36, 36, 30, 36, 36, 10, 145.00),
(37, 37, 30, 37, 37, 10, 60.00),
(38, 38, 30, 38, 38, 10, 80.00),
(39, 39, 30, 39, 39, 10, 30.00),
(40, 40, 40, 40, 40, 10, 100.00),
(41, 41, 40, 41, 41, 10, 120.00),
(42, 42, 40, 42, 42, 10, 95.00),
(43, 43, 40, 43, 43, 10, 45.00),
(44, 44, 40, 44, 44, 10, 130.00),
(45, 45, 40, 45, 45, 10, 75.00),
(46, 46, 40, 46, 46, 10, 145.00),
(47, 47, 40, 47, 47, 10, 60.00),
(48, 48, 40, 48, 48, 10, 80.00),
(49, 49, 40, 49, 49, 10, 30.00),
(50, 50, 40, 50, 50, 10, 100.00);

-- Insertando datos en la tabla 'detalle_pedido_venta'
INSERT INTO detalle_pedido_venta (detalle_venta_codigo, fk_pedido_venta_1, fk_pedido_venta_2, fk_inventario_producto_1, fk_inventario_producto_2, detalle_venta_cantidad_mineral, detalle_venta_precio_unitario)
VALUES
(1, 1, 1, 51, 1, 10, 120.00),
(2, 2, 2, 52, 2, 10, 95.00),
(3, 3, 3, 53, 3, 10, 45.00),
(4, 4, 4, 54, 4, 10, 130.00),
(5, 5, 5, 55, 5, 10, 75.00),
(6, 6, 6, 56, 6, 10, 145.00),
(7, 7, 7, 57, 7, 10, 60.00),
(8, 8, 8, 58, 8, 10, 80.00),
(9, 9, 9, 59, 9, 10, 30.00),
(10, 10, 10, 60, 10, 10, 100.00);
